CompanyName, CompanyNumber,RegAddress.CareOf,RegAddress.POBox,RegAddress.AddressLine1, RegAddress.AddressLine2,RegAddress.PostTown,RegAddress.County,RegAddress.Country,RegAddress.PostCode,CompanyCategory,CompanyStatus,CountryOfOrigin,DissolutionDate,IncorporationDate,Accounts.AccountRefDay,Accounts.AccountRefMonth,Accounts.NextDueDate,Accounts.LastMadeUpDate,Accounts.AccountCategory,Returns.NextDueDate,Returns.LastMadeUpDate,Mortgages.NumMortCharges,Mortgages.NumMortOutstanding,Mortgages.NumMortPartSatisfied,Mortgages.NumMortSatisfied,SICCode.SicText_1,SICCode.SicText_2,SICCode.SicText_3,SICCode.SicText_4,LimitedPartnerships.NumGenPartners,LimitedPartnerships.NumLimPartners,URI,PreviousName_1.CONDATE, PreviousName_1.CompanyName, PreviousName_2.CONDATE, PreviousName_2.CompanyName,PreviousName_3.CONDATE, PreviousName_3.CompanyName,PreviousName_4.CONDATE, PreviousName_4.CompanyName,PreviousName_5.CONDATE, PreviousName_5.CompanyName,PreviousName_6.CONDATE, PreviousName_6.CompanyName,PreviousName_7.CONDATE, PreviousName_7.CompanyName,PreviousName_8.CONDATE, PreviousName_8.CompanyName,PreviousName_9.CONDATE, PreviousName_9.CompanyName,PreviousName_10.CONDATE, PreviousName_10.CompanyName,ConfStmtNextDueDate, ConfStmtLastMadeUpDate
08260755 LTD,08260755,,,30 CITY ROAD,,LONDON,,,EC1Y 2AB,Private Limited Company,Liquidation,United Kingdom,,19/10/2012,31,1,31/10/2018,31/07/2016,TOTAL EXEMPTION SMALL,16/11/2016,19/10/2015,0,0,0,0,78109 - Other activities of employment placement agencies,,,,0,0,http://business.data.gov.uk/id/company/08260755,31/01/2025,MATCHSTICK (UK) LTD,,,,,,,,,,,,,,,,,,,02/11/2019,19/10/2018
103 WILBERFORCE ROAD RESIDENTS MANAGEMENT COMPANY LIMITED,09272136,,,103A WILBERFORCE ROAD,,LONDON,,,N4 2SP,"PRI/LTD BY GUAR/NSC (Private, limited by guarantee, no share capital)",Active,United Kingdom,,20/10/2014,31,12,30/09/2027,31/12/2025,DORMANT,17/11/2016,20/10/2015,0,0,0,0,98000 - Residents property management,,,,0,0,http://business.data.gov.uk/id/company/09272136,,,,,,,,,,,,,,,,,,,,,14/08/2027,31/07/2026
11 GROSVENOR GARDENS LTD,16376371,,,APEX HOUSE 23-25,HYTHE ROAD,LONDON,,ENGLAND,NW10 6RT,Private Limited Company,Active - Proposal to Strike off,United Kingdom,,09/04/2025,30,4,09/01/2027,,NO ACCOUNTS FILED,07/05/2026,,0,0,0,0,98000 - Residents property management,,,,0,0,http://business.data.gov.uk/id/company/16376371,,,,,,,,,,,,,,,,,,,,,22/04/2026,
117 PUTNEY BRIDGE ROAD (FREEHOLD) LIMITED,08297377,,,FIRST FLOOR FLAT,117 PUTNEY BRIDGE ROAD,LONDON,,,SW15 2PA,Private Limited Company,Active,United Kingdom,,19/11/2012,30,11,31/08/2027,30/11/2025,DORMANT,05/05/2017,07/04/2016,0,0,0,0,98000 - Residents property management,,,,0,0,http://business.data.gov.uk/id/company/08297377,,,,,,,,,,,,,,,,,,,,,21/04/2027,07/04/2026
119 GLOUCESTER ROAD LIMITED,08767785,,,FLAT 18,158 WESTBOURNE GROVE,LONDON,,ENGLAND,W11 2RJ,Private Limited Company,Active,United Kingdom,,08/11/2013,28,11,28/08/2027,28/11/2025,MICRO ENTITY,06/12/2016,08/11/2015,0,0,0,0,68320 - Management of real estate on a fee or contract basis,,,,0,0,http://business.data.gov.uk/id/company/08767785,,,,,,,,,,,,,,,,,,,,,19/07/2027,05/07/2026
12A SOUTHEY STREET MANAGEMENT CO. LIMITED,06755576,,,FLAT 4,12A SOUTHEY STREET,LONDON,,UNITED KINGDOM,SE20 7JD,Private Limited Company,Active,United Kingdom,,21/11/2008,30,11,31/08/2027,30/11/2025,DORMANT,19/12/2016,21/11/2015,0,0,0,0,43390 - Other building completion and finishing,,,,0,0,http://business.data.gov.uk/id/company/06755576,,,,,,,,,,,,,,,,,,,,,05/12/2026,21/11/2025
13SC HOLDINGS LIMITED,16723561,,,87 CHANCERY LANE,,LONDON,,ENGLAND,WC2A 1ET,Private Limited Company,Active,United Kingdom,,17/09/2025,30,11,17/06/2027,,NO ACCOUNTS FILED,15/10/2026,,0,0,0,0,64209 - Activities of other holding companies n.e.c.,,,,0,0,http://business.data.gov.uk/id/company/16723561,,,,,,,,,,,,,,,,,,,,,15/04/2027,01/04/2026
155 WESTBURY AVENUE FREEHOLD COMPANY LIMITED,14284403,,,155 WESTBURY AVENUE,,LONDON,,UNITED KINGDOM,N22 6RX,Private Limited Company,Active,United Kingdom,,09/08/2022,31,8,31/05/2027,31/08/2025,DORMANT,06/09/2023,,0,0,0,0,98000 - Residents property management,,,,0,0,http://business.data.gov.uk/id/company/14284403,,,,,,,,,,,,,,,,,,,,,22/08/2027,08/08/2026
"166 , RYE LANE FLAT MANAGEMENT COMPANY LTD",14596131,,,FLAT 4A 166,RYE LANE,LONDON,,ENGLAND,SE15 4NB,"PRI/LTD BY GUAR/NSC (Private, limited by guarantee, no share capital)",Active,United Kingdom,,16/01/2023,31,1,31/10/2026,31/01/2025,MICRO ENTITY,13/02/2024,,0,0,0,0,98000 - Residents property management,,,,0,0,http://business.data.gov.uk/id/company/14596131,,,,,,,,,,,,,,,,,,,,,29/01/2027,15/01/2026
17 LONDON LANE LIMITED,16872905,,,C/O QUASTELS LLP SECOND FLOOR SOUTH,55 BAKER STREET,LONDON,,UNITED KINGDOM,W1U 8EW,"PRI/LTD BY GUAR/NSC (Private, limited by guarantee, no share capital)",Active,United Kingdom,,25/11/2025,30,11,25/08/2027,,NO ACCOUNTS FILED,23/12/2026,,0,0,0,0,98000 - Residents property management,,,,0,0,http://business.data.gov.uk/id/company/16872905,,,,,,,,,,,,,,,,,,,,,08/12/2026,
173-175 HARTFIELD ROAD MANAGEMENT LTD,12035730,,,45 QUEENS ROAD,,LONDON,GREATER LONDON,ENGLAND,SW19 8YE,Private Limited Company,Active,United Kingdom,,06/06/2019,30,6,31/03/2027,30/06/2025,DORMANT,04/07/2020,,0,0,0,0,98000 - Residents property management,,,,0,0,http://business.data.gov.uk/id/company/12035730,,,,,,,,,,,,,,,,,,,,,17/12/2026,03/12/2025
18 EVERING ROAD LIMITED,10691662,,,18 EVERING ROAD,,LONDON,,ENGLAND,N16 7QJ,"PRI/LTD BY GUAR/NSC (Private, limited by guarantee, no share capital)",Active,United Kingdom,,27/03/2017,31,3,31/12/2026,31/03/2025,MICRO ENTITY,24/04/2018,,0,0,0,0,98000 - Residents property management,,,,0,0,http://business.data.gov.uk/id/company/10691662,,,,,,,,,,,,,,,,,,,,,09/04/2027,26/03/2026
1968 HE LIMITED,11236071,,,UNIT 1,GERRY RAFFLES SQUARE,LONDON,,ENGLAND,E15 1BG,Private Limited Company,Active,United Kingdom,,06/03/2018,31,3,31/12/2026,31/03/2025,TOTAL EXEMPTION FULL,03/04/2019,,0,0,0,0,56101 - Licensed restaurants,,,,0,0,http://business.data.gov.uk/id/company/11236071,,,,,,,,,,,,,,,,,,,,,06/05/2027,22/04/2026
1UP SOCIAL LTD,13161051,,,7 BELL YARD,,LONDON,,ENGLAND,WC2A 2JR,Private Limited Company,Active,United Kingdom,,27/01/2021,31,1,31/10/2026,31/01/2025,MICRO ENTITY,24/02/2022,,0,0,0,0,73110 - Advertising agencies,,,,0,0,http://business.data.gov.uk/id/company/13161051,,,,,,,,,,,,,,,,,,,,,08/02/2027,25/01/2026
20 HARWOOD ROAD LIMITED,04037387,,,22 CHANCERY LANE,,LONDON,,,WC2A 1LS,Private Limited Company,Active,United Kingdom,,20/07/2000,31,7,30/04/2028,31/07/2026,DORMANT,17/08/2016,20/07/2015,0,0,0,0,99999 - Dormant Company,,,,0,0,http://business.data.gov.uk/id/company/04037387,,,,,,,,,,,,,,,,,,,,,03/08/2027,20/07/2026
218 STRAND LIMITED,06785241,,,"4TH FLOOR, 218",STRAND,LONDON,,ENGLAND,WC2R 1AT,Private Limited Company,Active,United Kingdom,,07/01/2009,31,3,31/12/2026,31/03/2025,MICRO ENTITY,03/04/2017,06/03/2016,1,1,0,0,82990 - Other business support service activities n.e.c.,,,,0,0,http://business.data.gov.uk/id/company/06785241,,,,,,,,,,,,,,,,,,,,,20/03/2027,06/03/2026
22 GROSVENOR ROAD RTE LTD,07629070,,,51 SWAFFIELD ROAD,,LONDON,LONDON,,SW18 3AQ,"PRI/LTD BY GUAR/NSC (Private, limited by guarantee, no share capital)",Active,United Kingdom,,10/05/2011,30,6,31/03/2028,30/06/2026,DORMANT,07/06/2017,10/05/2016,0,0,0,0,98000 - Residents property management,,,,0,0,http://business.data.gov.uk/id/company/07629070,,,,,,,,,,,,,,,,,,,,,14/05/2027,30/04/2026
22 SD LIMITED,12595111,,,149 SOUTH EALING ROAD,,LONDON,,,W5 4QP,Private Limited Company,Active,United Kingdom,,11/05/2020,31,12,30/09/2027,31/12/2025,DORMANT,08/06/2021,,0,0,0,0,68100 - Buying and selling of own real estate,,,,0,0,http://business.data.gov.uk/id/company/12595111,12/06/2024,DALINGTON AG 500 LIMITED,07/04/2022,AG 500 LIMITED,09/12/2020,AG CAPITAL WEST INVESTMENTS LIMITED,,,,,,,,,,,,,,,01/12/2026,17/11/2025
23 CHESTNUT ROAD MANAGEMENT LIMITED,07886210,,,3 HUNTER ROAD,,LONDON,,ENGLAND,SW20 8NZ,Private Limited Company,Active,United Kingdom,,19/12/2011,31,12,30/09/2027,31/12/2025,DORMANT,12/02/2017,15/01/2016,0,0,0,0,98000 - Residents property management,,,,0,0,http://business.data.gov.uk/id/company/07886210,,,,,,,,,,,,,,,,,,,,,29/01/2027,15/01/2026
24 WOODBOROUGH ROAD LIMITED,10965989,,,2 FITZROY PLACE,8 MORTIMER STREET,LONDON,,ENGLAND,W1T 3JJ,Private Limited Company,Active,United Kingdom,,15/09/2017,31,3,31/12/2026,31/03/2025,FULL,13/10/2018,,2,0,0,2,64209 - Activities of other holding companies n.e.c.,,,,0,0,http://business.data.gov.uk/id/company/10965989,,,,,,,,,,,,,,,,,,,,,12/09/2027,29/08/2026
24/7 HOME & MAINTENANCE SOLUTIONS LTD,15427532,,,71-75 SHELTON STREET,COVENT GARDEN,LONDON,,UNITED KINGDOM,WC2H 9JQ,Private Limited Company,Active,United Kingdom,,19/01/2024,31,1,31/10/2026,31/01/2025,MICRO ENTITY,16/02/2025,,0,0,0,0,81221 - Window cleaning services,81229 - Other building and industrial cleaning activities,81299 - Other cleaning services,,0,0,http://business.data.gov.uk/id/company/15427532,,,,,,,,,,,,,,,,,,,,,01/02/2027,18/01/2026
241/243 QUEENSTOWN ROAD MANAGEMENT COMPANY LIMITED,06795502,,,243B QUEENSTOWN ROAD,,LONDON,,ENGLAND,SW8 3NP,Private Limited Company,Active,United Kingdom,,20/01/2009,31,1,31/10/2026,31/01/2025,DORMANT,17/02/2017,20/01/2016,0,0,0,0,68320 - Management of real estate on a fee or contract basis,,,,0,0,http://business.data.gov.uk/id/company/06795502,,,,,,,,,,,,,,,,,,,,,02/11/2026,19/10/2025
2B1M LTD,16140915,,,17 GREEN LANES,,LONDON,,ENGLAND,N16 9BS,Private Limited Company,Active,United Kingdom,,17/12/2024,31,12,30/09/2027,31/12/2025,TOTAL EXEMPTION FULL,14/01/2026,,0,0,0,0,47910 - Retail sale via mail order houses or via Internet,59112 - Video production activities,73110 - Advertising agencies,93290 - Other amusement and recreation activities n.e.c.,0,0,http://business.data.gov.uk/id/company/16140915,,,,,,,,,,,,,,,,,,,,,10/12/2026,26/11/2025
3 ALDER ROAD LIMITED,11568270,,,3A ALDER ROAD,,LONDON,,UNITED KINGDOM,SW14 8ER,Private Limited Company,Active,United Kingdom,,13/09/2018,30,9,30/06/2027,30/09/2025,DORMANT,11/10/2019,,0,0,0,0,98000 - Residents property management,,,,0,0,http://business.data.gov.uk/id/company/11568270,,,,,,,,,,,,,,,,,,,,,06/10/2026,22/09/2025
30TH STUDIOS LTD,15429044,,,UNIT 108,133-141 MORNING LN,LONDON,,UNITED KINGDOM,E9 6ND,Private Limited Company,Active,United Kingdom,,21/01/2024,31,1,31/10/2027,31/01/2026,MICRO ENTITY,18/02/2025,,0,0,0,0,59112 - Video production activities,74209 - Photographic activities not elsewhere classified,,,0,0,http://business.data.gov.uk/id/company/15429044,,,,,,,,,,,,,,,,,,,,,03/02/2027,20/01/2026
31 BEADNELL ROAD FREEHOLD LTD,09591344,,,LOWER FLAT,31 BEADNELL ROAD,LONDON,,ENGLAND,SE23 1AA,Private Limited Company,Active,United Kingdom,,14/05/2015,31,5,28/02/2027,31/05/2025,MICRO ENTITY,11/06/2017,14/05/2016,0,0,0,0,98000 - Residents property management,,,,0,0,http://business.data.gov.uk/id/company/09591344,,,,,,,,,,,,,,,,,,,,,23/05/2027,09/05/2026
310 EARLSFIELD ROAD LTD,09916595,,,FLAT 5,310 EARLSFIELD ROAD,LONDON,,UNITED KINGDOM,SW18 3EH,Private Limited Company,Active,United Kingdom,,15/12/2015,31,12,30/09/2027,31/12/2025,MICRO ENTITY,12/01/2017,,0,0,0,0,98000 - Residents property management,,,,0,0,http://business.data.gov.uk/id/company/09916595,,,,,,,,,,,,,,,,,,,,,09/12/2026,25/11/2025
39 FREEHOLD LIMITED,09194290,,,39 WIMPOLE STREET,,LONDON,,,W1G 8YE,Private Limited Company,Active,United Kingdom,,29/08/2014,31,8,31/05/2027,31/08/2025,DORMANT,26/09/2016,29/08/2015,0,0,0,0,98000 - Residents property management,,,,0,0,http://business.data.gov.uk/id/company/09194290,,,,,,,,,,,,,,,,,,,,,18/09/2027,04/09/2026
3QUENCY LIMITED,14006205,,,86A HARVIST ROAD,QUEENS PARK,LONDON,,UNITED KINGDOM,NW6 6HL,Private Limited Company,Active,United Kingdom,,28/03/2022,31,3,31/12/2026,31/03/2025,MICRO ENTITY,25/04/2023,,0,0,0,0,70229 - Management consultancy activities other than financial management,,,,0,0,http://business.data.gov.uk/id/company/14006205,,,,,,,,,,,,,,,,,,,,,10/04/2027,27/03/2026
3RDTHOUGHT CIC,10883204,,,RIVERSIDE BUILDING UNIT 32 RIVERSIDE BUILDING,"TRINITY BUOY WHARF, 64 ORCHARD PLACE",LONDON,,ENGLAND,E14 0JW,Community Interest Company,Active,United Kingdom,,25/07/2017,31,7,30/04/2027,31/07/2025,TOTAL EXEMPTION FULL,22/08/2018,,0,0,0,0,90030 - Artistic creation,,,,0,0,http://business.data.gov.uk/id/company/10883204,05/09/2017,3RDTHOUGHT LTD.,,,,,,,,,,,,,,,,,,,14/09/2027,31/08/2026
44 CLANRICARDE GARDENS LIMITED,04229100,,,UNIT 16 NORTHFIELDS PROSPECT BUSINESS CENTRE,PUTNEY BRIDGE ROAD,LONDON,,ENGLAND,SW18 1PE,"PRI/LTD BY GUAR/NSC (Private, limited by guarantee, no share capital)",Active,United Kingdom,,05/06/2001,31,12,30/09/2027,31/12/2025,TOTAL EXEMPTION FULL,03/07/2017,05/06/2016,0,0,0,0,98000 - Residents property management,,,,0,0,http://business.data.gov.uk/id/company/04229100,,,,,,,,,,,,,,,,,,,,,19/06/2027,05/06/2026
5 MACAULAY ROAD LIMITED,05258504,,,5 MACAULAY ROAD,CLAPHAM,LONDON,,,SW4 0QP,Private Limited Company,Active,United Kingdom,,13/10/2004,31,10,31/07/2027,31/10/2025,DORMANT,21/11/2016,24/10/2015,0,0,0,0,55900 - Other accommodation,,,,0,0,http://business.data.gov.uk/id/company/05258504,,,,,,,,,,,,,,,,,,,,,26/11/2026,12/11/2025
62 DUNSMURE ROAD MANAGEMENT LIMITED,07980105,,,62 DUNSMURE ROAD,,LONDON,,,N16 5PR,Private Limited Company,Active,United Kingdom,,07/03/2012,30,3,30/12/2027,30/03/2026,DORMANT,04/04/2017,07/03/2016,0,0,0,0,98000 - Residents property management,,,,0,0,http://business.data.gov.uk/id/company/07980105,,,,,,,,,,,,,,,,,,,,,16/02/2027,02/02/2026
686 FABRICATION SERVICES LTD,17296958,,,"SUITE 202, 750-760, OCEANAIR HOUSE",HIGH ROAD LEYTONSTONE,LONDON,,UNITED KINGDOM,E11 3AW,Private Limited Company,Active,United Kingdom,,23/06/2026,30,6,23/03/2028,,NO ACCOUNTS FILED,21/07/2027,,0,0,0,0,25110 - Manufacture of metal structures and parts of structures,25620 - Machining,25990 - Manufacture of other fabricated metal products n.e.c.,33110 - Repair of fabricated metal products,0,0,http://business.data.gov.uk/id/company/17296958,,,,,,,,,,,,,,,,,,,,,06/07/2027,
7 CUT BARBERS LTD,12265724,,,261B HIGH ROAD,,LONDON,,ENGLAND,N15 4RR,Private Limited Company,Active - Proposal to Strike off,United Kingdom,,16/10/2019,30,9,30/06/2022,30/09/2020,TOTAL EXEMPTION FULL,13/11/2020,,0,0,0,0,96020 - Hairdressing and other beauty treatment,,,,0,0,http://business.data.gov.uk/id/company/12265724,,,,,,,,,,,,,,,,,,,,,29/10/2022,15/10/2021
70 ROWFANT RD RTM CO LTD,15305584,,,80 RICHMOND ROAD,,"LONDON,",GREATER LONDON,ENGLAND,SW20 0PD,"PRI/LTD BY GUAR/NSC (Private, limited by guarantee, no share capital)",Active,United Kingdom,,23/11/2023,30,11,31/08/2027,30/11/2025,MICRO ENTITY,21/12/2024,,0,0,0,0,98000 - Residents property management,,,,0,0,http://business.data.gov.uk/id/company/15305584,,,,,,,,,,,,,,,,,,,,,04/09/2027,21/08/2026
72BCR LTD,14391935,,,23A DUDDEN HILL LANE,,LONDON,,UNITED KINGDOM,NW10 2ET,Private Limited Company,Active,United Kingdom,,02/10/2022,31,12,30/09/2027,31/12/2025,TOTAL EXEMPTION FULL,30/10/2023,,0,0,0,0,68209 - Other letting and operating of own or leased real estate,,,,0,0,http://business.data.gov.uk/id/company/14391935,,,,,,,,,,,,,,,,,,,,,15/10/2026,01/10/2025
8 CHATSWORTH ROAD RESIDENTS ASSOCIATION LIMITED,05109455,EKB ACCOUNTANCY SERVICES,,39-41 NORTH ROAD,,LONDON,,,N7 9DP,Private Limited Company,Active,United Kingdom,,22/04/2004,30,4,31/01/2028,30/04/2026,TOTAL EXEMPTION FULL,28/05/2017,30/04/2016,0,0,0,0,68320 - Management of real estate on a fee or contract basis,,,,0,0,http://business.data.gov.uk/id/company/05109455,,,,,,,,,,,,,,,,,,,,,07/12/2026,23/11/2025
9 GRANGE PARK (EALING) RESIDENTS COMPANY LIMITED,04893654,,,FLAT 3,27 KINGS ROAD EALING,LONDON,,,W5 2SD,Private Limited Company,Active,United Kingdom,,09/09/2003,30,9,30/06/2027,30/09/2025,TOTAL EXEMPTION FULL,07/10/2016,09/09/2015,0,0,0,0,98000 - Residents property management,,,,0,0,http://business.data.gov.uk/id/company/04893654,,,,,,,,,,,,,,,,,,,,,23/09/2027,09/09/2026
91 AQUARIUS FASHION TREND LIMITED,14332101,,,GROUND FLOOR FLAT 118-120,PECKHAM HIGH STREET,LONDON,,ENGLAND,SE15 5ED,Private Limited Company,Active,United Kingdom,,02/09/2022,30,9,30/06/2027,30/09/2025,DORMANT,30/09/2023,,0,0,0,0,47910 - Retail sale via mail order houses or via Internet,,,,0,0,http://business.data.gov.uk/id/company/14332101,,,,,,,,,,,,,,,,,,,,,08/09/2027,25/08/2026
A&A STERLING LTD,17209584,,,"UNIT A1119 4-6, GREATOREX STREET,",,LONDON,,UNITED KINGDOM,E1 5NF,Private Limited Company,Active,United Kingdom,,11/05/2026,31,5,11/02/2028,,NO ACCOUNTS FILED,08/06/2027,,0,0,0,0,47910 - Retail sale via mail order houses or via Internet,,,,0,0,http://business.data.gov.uk/id/company/17209584,,,,,,,,,,,,,,,,,,,,,24/05/2027,
A&C CORPORATE CONNECT LIMITED,14398673,,,SILVERSTREAM HOUSE,45 FITZROY STREET,LONDON,,ENGLAND,W1T 6EB,Private Limited Company,Active,United Kingdom,,05/10/2022,31,10,31/07/2027,31/10/2025,MICRO ENTITY,02/11/2023,,0,0,0,0,82990 - Other business support service activities n.e.c.,,,,0,0,http://business.data.gov.uk/id/company/14398673,,,,,,,,,,,,,,,,,,,,,18/10/2026,04/10/2025
A-GUARD ROBOTICS LIMITED,16807468,,,71-75 SHELTON STREET,COVENT GARDEN,LONDON,,UNITED KINGDOM,WC2H 9JQ,Private Limited Company,Active,United Kingdom,,24/10/2025,31,10,24/07/2027,,NO ACCOUNTS FILED,21/11/2026,,0,0,0,0,80200 - Security systems service activities,,,,0,0,http://business.data.gov.uk/id/company/16807468,,,,,,,,,,,,,,,,,,,,,06/11/2026,
A-STRAT ADVISORY LIMITED,08595395,,,27 OLD GLOUCESTER STREET,,LONDON,,,WC1N 3AX,Private Limited Company,Active - Proposal to Strike off,United Kingdom,,03/07/2013,31,7,30/04/2027,31/07/2025,MICRO ENTITY,31/07/2016,03/07/2015,0,0,0,0,70229 - Management consultancy activities other than financial management,,,,0,0,http://business.data.gov.uk/id/company/08595395,,,,,,,,,,,,,,,,,,,,,03/10/2025,19/09/2024
A.S.M. PROPERTY DEVELOPMENTS (UK) LTD,04437948,,,183-189 THE VALE,,LONDON,,UNITED KINGDOM,W3 7RW,Private Limited Company,Active,United Kingdom,,14/05/2002,30,4,31/01/2027,30/04/2025,TOTAL EXEMPTION FULL,11/06/2017,14/05/2016,5,2,0,3,68100 - Buying and selling of own real estate,68209 - Other letting and operating of own or leased real estate,96090 - Other service activities n.e.c.,,0,0,http://business.data.gov.uk/id/company/04437948,16/04/2019,A. S. M. INVESTMENTS (UK) LIMITED,,,,,,,,,,,,,,,,,,,15/03/2027,01/03/2026
AAA76 LTD,13949394,,,6 ST AUGUSTINE'S AVENUE,,LONDON,,UNITED KINGDOM,W5 1ED,Private Limited Company,Active,United Kingdom,,02/03/2022,31,3,31/12/2026,31/03/2025,MICRO ENTITY,30/03/2023,,0,0,0,0,68100 - Buying and selling of own real estate,68209 - Other letting and operating of own or leased real estate,68320 - Management of real estate on a fee or contract basis,,0,0,http://business.data.gov.uk/id/company/13949394,,,,,,,,,,,,,,,,,,,,,26/02/2027,12/02/2026
AAI AGRI LTD,16156264,,,167-169 GREAT PORTLAND STREET,5TH FLOOR,LONDON,,UNITED KINGDOM,W1W 5PF,Private Limited Company,Active,United Kingdom,,30/12/2024,31,12,30/09/2026,,NO ACCOUNTS FILED,27/01/2026,,0,0,0,0,82990 - Other business support service activities n.e.c.,,,,0,0,http://business.data.gov.uk/id/company/16156264,,,,,,,,,,,,,,,,,,,,,12/01/2026,
AAZA RENT A CAR LIMITED,11186745,,,98 COMMERCIAL ROAD,,LONDON,,UNITED KINGDOM,E1 1NU,Private Limited Company,Active,United Kingdom,,05/02/2018,28,2,30/11/2026,28/02/2025,MICRO ENTITY,05/03/2019,,0,0,0,0,77110 - Renting and leasing of cars and light motor vehicles,,,,0,0,http://business.data.gov.uk/id/company/11186745,,,,,,,,,,,,,,,,,,,,,18/02/2027,04/02/2026
AB PATEL LEASEHOLD LIMITED,16648758,,,101 NEW CAVENDISH STREET,1ST FLOOR SOUTH,LONDON,,UNITED KINGDOM,W1W 6XH,Private Limited Company,Active,United Kingdom,,13/08/2025,30,4,31/01/2028,30/04/2026,DORMANT,10/09/2026,,0,0,0,0,41100 - Development of building projects,,,,0,0,http://business.data.gov.uk/id/company/16648758,,,,,,,,,,,,,,,,,,,,,26/08/2027,12/08/2026
ABLE DRIVE AND SERVICES LTD,09462990,,,33 PIER PARADE,,LONDON,,UNITED KINGDOM,E16 2LJ,Private Limited Company,Active,United Kingdom,,27/02/2015,28,2,30/11/2026,28/02/2025,MICRO ENTITY,27/03/2017,27/02/2016,0,0,0,0,49320 - Taxi operation,78200 - Temporary employment agency activities,85600 - Educational support services,96090 - Other service activities n.e.c.,0,0,http://business.data.gov.uk/id/company/09462990,09/12/2020,ASSESSING TRAINING & RECRUITING LIMITED,,,,,,,,,,,,,,,,,,,28/11/2026,14/11/2025
ABYSSINIAN BIDCO LIMITED,11650137,,,INVESTCORP HOUSE 48 GROSVENOR STREET,MAYFAIR,LONDON,,UNITED KINGDOM,W1K 3HW,Private Limited Company,Active,United Kingdom,,30/10/2018,31,12,30/09/2027,31/12/2025,FULL,27/11/2019,,4,4,0,0,64209 - Activities of other holding companies n.e.c.,,,,0,0,http://business.data.gov.uk/id/company/11650137,,,,,,,,,,,,,,,,,,,,,12/11/2026,29/10/2025
ACADEMIC ISTANBUL LTD,12309155,,,17 GREEN LANES,,LONDON,,ENGLAND,N16 9BS,Private Limited Company,Active,United Kingdom,,11/11/2019,30,11,31/08/2027,30/11/2025,TOTAL EXEMPTION FULL,09/12/2020,,0,0,0,0,73110 - Advertising agencies,79120 - Tour operator activities,96090 - Other service activities n.e.c.,,0,0,http://business.data.gov.uk/id/company/12309155,,,,,,,,,,,,,,,,,,,,,18/11/2026,04/11/2025
ACCESS SELF STORAGE (CAMBERLEY) LIMITED,09191152,,,93 PARK LANE,,LONDON,,,W1K 7TB,Private Limited Company,Active,United Kingdom,,28/08/2014,31,3,31/12/2026,31/03/2025,TOTAL EXEMPTION FULL,25/09/2016,28/08/2015,0,0,0,0,68209 - Other letting and operating of own or leased real estate,,,,0,0,http://business.data.gov.uk/id/company/09191152,09/10/2014,ACCESS SELF STORAGE (CABERLEY) LIMITED,,,,,,,,,,,,,,,,,,,11/09/2027,28/08/2026
ACCUGAS HOLDINGS UK PLC,11950135,,,40 BANK STREET,,LONDON,,UNITED KINGDOM,E14 5NR,Public Limited Company,Active,United Kingdom,,16/04/2019,31,12,31/12/2026,31/12/2024,FULL,14/05/2020,,3,3,0,0,64209 - Activities of other holding companies n.e.c.,,,,0,0,http://business.data.gov.uk/id/company/11950135,,,,,,,,,,,,,,,,,,,,,15/09/2027,01/09/2026
ACH GROUP LTD,11906864,,,KEMP HOUSE,160 CITY ROAD,LONDON,,ENGLAND,EC1V 2NX,Private Limited Company,Active,United Kingdom,,26/03/2019,31,3,31/12/2026,31/03/2025,MICRO ENTITY,23/04/2020,,0,0,0,0,56101 - Licensed restaurants,,,,0,0,http://business.data.gov.uk/id/company/11906864,,,,,,,,,,,,,,,,,,,,,26/03/2027,12/03/2026
ACM BUILDERS AND DEVELOPMENTS LIMITED,15491984,,,73 ST. MARGARETS AVENUE,SAPPHIRE HOUSE,LONDON,,ENGLAND,N20 9LD,Private Limited Company,Active,United Kingdom,,15/02/2024,29,2,30/11/2027,28/02/2026,TOTAL EXEMPTION FULL,15/03/2025,,0,0,0,0,43390 - Other building completion and finishing,,,,0,0,http://business.data.gov.uk/id/company/15491984,,,,,,,,,,,,,,,,,,,,,28/02/2027,14/02/2026
ACTAPURE LTD,17364586,,,20 WENLOCK ROAD,,LONDON,,ENGLAND,N1 7GU,Private Limited Company,Active,United Kingdom,,27/07/2026,31,7,27/04/2028,,NO ACCOUNTS FILED,24/08/2027,,0,0,0,0,46750 - Wholesale of chemical products,,,,0,0,http://business.data.gov.uk/id/company/17364586,,,,,,,,,,,,,,,,,,,,,09/08/2027,
ACTOS LIMITED,12671986,,,27 OLD GLOUCESTER STREET,,LONDON,,UNITED KINGDOM,WC1N 3AX,Private Limited Company,Active,United Kingdom,,15/06/2020,30,6,31/03/2027,30/06/2025,MICRO ENTITY,13/07/2021,,0,0,0,0,68100 - Buying and selling of own real estate,68209 - Other letting and operating of own or leased real estate,,,0,0,http://business.data.gov.uk/id/company/12671986,,,,,,,,,,,,,,,,,,,,,11/07/2027,27/06/2026
ADA INFRASTRUCTURE UK OPERATIONS LIMITED,15771008,,,25 ARGYLL STREET,,LONDON,,ENGLAND,W1F 7TU,Private Limited Company,Active,United Kingdom,,11/06/2024,31,12,31/12/2026,31/12/2024,FULL,09/07/2025,,0,0,0,0,64209 - Activities of other holding companies n.e.c.,,,,0,0,http://business.data.gov.uk/id/company/15771008,,,,,,,,,,,,,,,,,,,,,24/06/2027,10/06/2026
ADAM BEAUTY LIMITED,12467285,,,128 UPPERTON ROAD EAST,,LONDON,,ENGLAND,E13 9LR,Private Limited Company,Active - Proposal to Strike off,United Kingdom,,17/02/2020,29,2,17/11/2021,,NO ACCOUNTS FILED,17/03/2021,,0,0,0,0,47750 - Retail sale of cosmetic and toilet articles in specialised stores,,,,0,0,http://business.data.gov.uk/id/company/12467285,,,,,,,,,,,,,,,,,,,,,30/03/2021,
ADAM CLARKE COLOUR LTD,12950187,,,57 PEARCROFT ROAD,,LONDON,,ENGLAND,E11 4DP,Private Limited Company,Active,United Kingdom,,14/10/2020,28,10,28/07/2027,31/10/2025,TOTAL EXEMPTION FULL,11/11/2021,,0,0,0,0,74100 - specialised design activities,74209 - Photographic activities not elsewhere classified,,,0,0,http://business.data.gov.uk/id/company/12950187,,,,,,,,,,,,,,,,,,,,,27/10/2026,13/10/2025
ADAMS SOLUTIONS LIMITED,12269609,,,168 REGENTS PARK ROAD,,LONDON,,ENGLAND,N3 3HR,Private Limited Company,Active,United Kingdom,,18/10/2019,31,1,31/10/2026,31/01/2025,TOTAL EXEMPTION FULL,15/11/2020,,0,0,0,0,96020 - Hairdressing and other beauty treatment,,,,0,0,http://business.data.gov.uk/id/company/12269609,,,,,,,,,,,,,,,,,,,,,31/10/2026,17/10/2025
ADAPTIVE ENERGY ASSESSORS LTD,17185328,,,71-75 SHELTON STREET,COVENT GARDEN,LONDON,,UNITED KINGDOM,WC2H 9JQ,Private Limited Company,Active,United Kingdom,,28/04/2026,30,4,28/01/2028,,NO ACCOUNTS FILED,26/05/2027,,0,0,0,0,71121 - Engineering design activities for industrial process and production,71122 - Engineering related scientific and technical consulting activities,71200 - Technical testing and analysis,,0,0,http://business.data.gov.uk/id/company/17185328,,,,,,,,,,,,,,,,,,,,,11/05/2027,
ADEJEMI CONSULTANCY LIMITED,09044119,,,124 CITY ROAD,,LONDON,,ENGLAND,EC1V 2NX,Private Limited Company,Active,United Kingdom,,16/05/2014,31,5,29/02/2028,31/05/2026,MICRO ENTITY,13/06/2017,16/05/2016,0,0,0,0,62020 - Information technology consultancy activities,,,,0,0,http://business.data.gov.uk/id/company/09044119,,,,,,,,,,,,,,,,,,,,,23/05/2027,09/05/2026
ADELPHI COMMERCIAL CLEANING LTD,13864679,,,25B NAVARINO ROAD,HACKNEY,LONDON,,UNITED KINGDOM,E8 1AD,Private Limited Company,Active,United Kingdom,,21/01/2022,31,1,31/10/2026,31/01/2025,MICRO ENTITY,18/02/2023,,0,0,0,0,81210 - General cleaning of buildings,81222 - Specialised cleaning services,81229 - Other building and industrial cleaning activities,81299 - Other cleaning services,0,0,http://business.data.gov.uk/id/company/13864679,,,,,,,,,,,,,,,,,,,,,18/10/2026,04/10/2025
ADOPTR LTD,16774516,,,71-75 SHELTON STREET,COVENT GARDEN,LONDON,,UNITED KINGDOM,WC2H 9JQ,Private Limited Company,Active,United Kingdom,,09/10/2025,31,10,09/07/2027,,NO ACCOUNTS FILED,06/11/2026,,0,0,0,0,62012 - Business and domestic software development,63120 - Web portals,73110 - Advertising agencies,96090 - Other service activities n.e.c.,0,0,http://business.data.gov.uk/id/company/16774516,,,,,,,,,,,,,,,,,,,,,22/10/2026,
ADVANCE CHARTERING LIMITED,07159536,,,GROUND FLOOR 31 KENTISH TOWN ROAD,CAMDEN TOWN,LONDON,,ENGLAND,NW1 8NL,Private Limited Company,Active,United Kingdom,,16/02/2010,31,3,31/12/2026,31/03/2025,MICRO ENTITY,16/03/2017,16/02/2016,0,0,0,0,82990 - Other business support service activities n.e.c.,,,,0,0,http://business.data.gov.uk/id/company/07159536,,,,,,,,,,,,,,,,,,,,,02/03/2027,16/02/2026
AERO TECHNOLOGIES UK LTD,13247359,,,55 BAKER STREET,,LONDON,,UNITED KINGDOM,W1U 7EU,Private Limited Company,Active - Proposal to Strike off,United Kingdom,,05/03/2021,31,12,30/09/2024,31/12/2022,SMALL,02/04/2022,,1,0,0,1,96090 - Other service activities n.e.c.,,,,0,0,http://business.data.gov.uk/id/company/13247359,,,,,,,,,,,,,,,,,,,,,18/03/2025,04/03/2024
AESTHETIC APPRAISALS LTD,12277703,,,19TH FLOOR,1 WESTFIELD AVENUE,LONDON,,UNITED KINGDOM,E20 1HZ,Private Limited Company,Active,United Kingdom,,23/10/2019,31,12,30/09/2027,31/12/2025,TOTAL EXEMPTION FULL,20/11/2020,,0,0,0,0,82990 - Other business support service activities n.e.c.,,,,0,0,http://business.data.gov.uk/id/company/12277703,,,,,,,,,,,,,,,,,,,,,05/11/2026,22/10/2025
AFFIRMED MENTAL HEALTH CONSULTANCY LTD,17264237,,,FLAT 12 ADRIAN HOUSE,WYVIL ROAD,LONDON,,ENGLAND,SW8 2SN,Private Limited Company,Active,United Kingdom,,05/06/2026,30,6,05/03/2028,,NO ACCOUNTS FILED,03/07/2027,,0,0,0,0,86900 - Other human health activities,88990 - Other social work activities without accommodation n.e.c.,,,0,0,http://business.data.gov.uk/id/company/17264237,,,,,,,,,,,,,,,,,,,,,18/06/2027,
AFFLIK LTD,13592651,,,21 DULWICH ROAD,,LONDON,,ENGLAND,SE24 0NT,Private Limited Company,Active,United Kingdom,,30/08/2021,31,8,31/05/2027,24/08/2025,DORMANT,27/09/2022,,0,0,0,0,"47820 - Retail sale via stalls and markets of textiles, clothing and footwear",,,,0,0,http://business.data.gov.uk/id/company/13592651,,,,,,,,,,,,,,,,,,,,,12/09/2027,29/08/2026
AFLAANTA STUDIO LTD,14786595,,,5TH FLOOR 167-169,GREAT PORTLAND STREET,LONDON,,ENGLAND,W1W 5PF,Private Limited Company,Active,United Kingdom,,07/04/2023,30,4,31/01/2028,30/04/2026,TOTAL EXEMPTION FULL,05/05/2024,,0,0,0,0,"59120 - Motion picture, video and television programme post-production activities",,,,0,0,http://business.data.gov.uk/id/company/14786595,,,,,,,,,,,,,,,,,,,,,17/04/2027,03/04/2026
AG IRISH VALUE HOUSING L.P.,LP020220,,,23 SAVILE ROW,,LONDON,,,W1S 2ET,Limited Partnership,Active,United Kingdom,,08/05/2019,,,,,NO ACCOUNTS FILED,,,0,0,0,0,None Supplied,,,,1,1,http://business.data.gov.uk/id/company/LP020220,,,,,,,,,,,,,,,,,,,,,,
AG PBSA VAUXHALL MEMBER HOLDING LIMITED,16554459,,,23 SAVILE ROW,,LONDON,,UNITED KINGDOM,W1S 2ET,Private Limited Company,Active,United Kingdom,,01/07/2025,31,12,01/04/2027,,NO ACCOUNTS FILED,29/07/2026,,0,0,0,0,68100 - Buying and selling of own real estate,,,,0,0,http://business.data.gov.uk/id/company/16554459,10/12/2025,AG PBSA VAUXHALL HOLDING LIMITED,,,,,,,,,,,,,,,,,,,14/07/2027,30/06/2026
AGENTIC INTELLIGENCE LTD,17458372,,,71-75 SHELTON STREET,COVENT GARDEN,LONDON,,UNITED KINGDOM,WC2H 9JQ,Private Limited Company,Active,United Kingdom,,14/09/2026,30,9,14/06/2028,,NO ACCOUNTS FILED,12/10/2027,,0,0,0,0,62012 - Business and domestic software development,,,,0,0,http://business.data.gov.uk/id/company/17458372,,,,,,,,,,,,,,,,,,,,,27/09/2027,
AGENTSEER LTD,17339966,,,71-75 SHELTON STREET,COVENT GARDEN,LONDON,,UNITED KINGDOM,WC2H 9JQ,Private Limited Company,Active,United Kingdom,,14/07/2026,31,7,14/04/2028,,NO ACCOUNTS FILED,11/08/2027,,0,0,0,0,66220 - Activities of insurance agents and brokers,,,,0,0,http://business.data.gov.uk/id/company/17339966,,,,,,,,,,,,,,,,,,,,,27/07/2027,
AGV DRINKS LTD,14834917,,,167 - 169 GREAT PORTLAND STREET,FIFTH FLOOR,LONDON,,ENGLAND,W1W 5PF,Private Limited Company,Active,United Kingdom,,28/04/2023,31,3,31/12/2027,31/03/2026,MICRO ENTITY,26/05/2024,,0,0,0,0,"46342 - Wholesale of wine, beer, spirits and other alcoholic beverages",73110 - Advertising agencies,,,0,0,http://business.data.gov.uk/id/company/14834917,,,,,,,,,,,,,,,,,,,,,18/03/2027,04/03/2026
AHMADIAN LTD,17325582,,,212 VILLIERS ROAD,,LONDON,,ENGLAND,NW2 5PU,Private Limited Company,Active,United Kingdom,,07/07/2026,31,7,07/04/2028,,NO ACCOUNTS FILED,04/08/2027,,0,0,0,0,68100 - Buying and selling of own real estate,68209 - Other letting and operating of own or leased real estate,68320 - Management of real estate on a fee or contract basis,,0,0,http://business.data.gov.uk/id/company/17325582,,,,,,,,,,,,,,,,,,,,,20/07/2027,
AHMED CONSULTANCY (UK) LTD,08043065,,,14 LYNDHURST DRIVE,LEYTON,LONDON,,UNITED KINGDOM,E10 6JD,Private Limited Company,Active,United Kingdom,,24/04/2012,31,3,31/12/2026,31/03/2025,MICRO ENTITY,22/05/2017,24/04/2016,0,0,0,0,68320 - Management of real estate on a fee or contract basis,70229 - Management consultancy activities other than financial management,,,0,0,http://business.data.gov.uk/id/company/08043065,,,,,,,,,,,,,,,,,,,,,08/05/2027,24/04/2026
AHRS YACHTING LTD,17481936,,,72 PRINCESS COURT,QUEENSWAY,LONDON,,ENGLAND,W2 4RE,Private Limited Company,Active,United Kingdom,,25/09/2026,30,9,25/06/2028,,NO ACCOUNTS FILED,23/10/2027,,0,0,0,0,99999 - Dormant Company,,,,0,0,http://business.data.gov.uk/id/company/17481936,,,,,,,,,,,,,,,,,,,,,08/10/2027,
AHS CONSTRUCTION SERVICES LIMITED,11435097,,,CMB PARTNERS UK LTD 49,TABERNACLE STREET,LONDON,,,EC2A 4AA,Private Limited Company,Liquidation,United Kingdom,,27/06/2018,28,6,28/03/2027,30/06/2025,TOTAL EXEMPTION FULL,25/07/2019,,0,0,0,0,41100 - Development of building projects,,,,0,0,http://business.data.gov.uk/id/company/11435097,,,,,,,,,,,,,,,,,,,,,10/07/2027,26/06/2026
AIGA LAB LIMITED,11338160,,,162 MERROW STREET,MERROW STREET,LONDON,,ENGLAND,SE17 2NP,Private Limited Company,Active,United Kingdom,,01/05/2018,31,12,30/09/2027,31/12/2025,MICRO ENTITY,29/05/2019,,0,0,0,0,70229 - Management consultancy activities other than financial management,,,,0,0,http://business.data.gov.uk/id/company/11338160,,,,,,,,,,,,,,,,,,,,,09/05/2027,25/04/2026
AIR TIPS SOLUTIONS LTD,16909735,,,71-75 SHELTON STREET,COVENT GARDEN,LONDON,,UNITED KINGDOM,WC2H 9JQ,Private Limited Company,Active,United Kingdom,,15/12/2025,31,12,15/09/2027,,NO ACCOUNTS FILED,12/01/2027,,0,0,0,0,62012 - Business and domestic software development,62090 - Other information technology service activities,63120 - Web portals,82990 - Other business support service activities n.e.c.,0,0,http://business.data.gov.uk/id/company/16909735,,,,,,,,,,,,,,,,,,,,,28/12/2026,
AIVAULTZ LTD,16659792,,,71-75 SHELTON STREET,COVENT GARDEN,LONDON,,UNITED KINGDOM,WC2H 9JQ,Private Limited Company,Active,United Kingdom,,19/08/2025,31,8,19/05/2027,,NO ACCOUNTS FILED,16/09/2026,,0,0,0,0,58110 - Book publishing,62090 - Other information technology service activities,96090 - Other service activities n.e.c.,,0,0,http://business.data.gov.uk/id/company/16659792,,,,,,,,,,,,,,,,,,,,,01/09/2026,
AIXH LTD,16938377,,,FLAT 1 DES BARRES COURT,22 PEARTREE WAY,LONDON,,ENGLAND,SE10 0GY,Private Limited Company,Active,United Kingdom,,01/01/2026,31,1,01/10/2027,,NO ACCOUNTS FILED,29/01/2027,,0,0,0,0,62012 - Business and domestic software development,62020 - Information technology consultancy activities,72190 - Other research and experimental development on natural sciences and engineering,,0,0,http://business.data.gov.uk/id/company/16938377,,,,,,,,,,,,,,,,,,,,,14/01/2027,
AIY RENOVATION LTD,17235432,,,87 HAZELBOURNE ROAD,,LONDON,,UNITED KINGDOM,SW12 9NT,Private Limited Company,Active,United Kingdom,,21/05/2026,31,3,31/12/2027,,NO ACCOUNTS FILED,18/06/2027,,0,0,0,0,41202 - Construction of domestic buildings,,,,0,0,http://business.data.gov.uk/id/company/17235432,,,,,,,,,,,,,,,,,,,,,03/06/2027,
AJ ESTATES GROUP LTD,13334075,,,3RD FLOOR SUITE,207 REGENT STREET,LONDON,,ENGLAND,W1B 3HH,Private Limited Company,Active,United Kingdom,,14/04/2021,31,3,31/12/2026,31/03/2025,MICRO ENTITY,12/05/2022,,1,1,0,0,68209 - Other letting and operating of own or leased real estate,68320 - Management of real estate on a fee or contract basis,,,0,0,http://business.data.gov.uk/id/company/13334075,,,,,,,,,,,,,,,,,,,,,26/09/2027,12/09/2026
AJ LOGISTICS & SERVICES LTD,16741291,,,209 RYE LANE,,LONDON,,ENGLAND,SE15 4TP,Private Limited Company,Active,United Kingdom,,24/09/2025,30,9,24/06/2027,,NO ACCOUNTS FILED,22/10/2026,,0,0,0,0,46190 - Agents involved in the sale of a variety of goods,52241 - Cargo handling for water transport activities,52242 - Cargo handling for air transport activities,52290 - Other transportation support activities,0,0,http://business.data.gov.uk/id/company/16741291,,,,,,,,,,,,,,,,,,,,,07/10/2026,
AJS PROP MANAGEMENT LTD,16178234,,,27 OLD GLOUCESTER STREET,,LONDON,,UNITED KINGDOM,WC1N 3AX,Private Limited Company,Active,United Kingdom,,13/01/2025,31,1,31/10/2027,31/01/2026,DORMANT,10/02/2026,,0,0,0,0,98000 - Residents property management,,,,0,0,http://business.data.gov.uk/id/company/16178234,,,,,,,,,,,,,,,,,,,,,26/01/2027,12/01/2026
AK PLANT SOLUTIONS LTD,15330683,,,C/O HARD HAT GROUP,320 CITY ROAD,LONDON,,ENGLAND,EC1V 2NZ,Private Limited Company,Active,United Kingdom,,06/12/2023,31,12,30/09/2027,31/12/2025,TOTAL EXEMPTION FULL,03/01/2025,,0,0,0,0,43999 - Other specialised construction activities n.e.c.,,,,0,0,http://business.data.gov.uk/id/company/15330683,,,,,,,,,,,,,,,,,,,,,03/12/2026,19/11/2025
AKASOY LTD,16791789,,,71-75 SHELTON STREET,COVENT GARDEN,LONDON,,UNITED KINGDOM,WC2H 9JQ,Private Limited Company,Active,United Kingdom,,17/10/2025,31,10,17/07/2027,,NO ACCOUNTS FILED,14/11/2026,,0,0,0,0,62012 - Business and domestic software development,62020 - Information technology consultancy activities,,,0,0,http://business.data.gov.uk/id/company/16791789,,,,,,,,,,,,,,,,,,,,,30/10/2026,
AKHUNDZ LIMITED,16417287,,,FLAT 26 HANNAH COURT 1A,HOLBROOK ROAD,LONDON,,ENGLAND,E15 3EG,Private Limited Company,Active - Proposal to Strike off,United Kingdom,,29/04/2025,30,4,29/01/2027,,NO ACCOUNTS FILED,27/05/2026,,0,0,0,0,47910 - Retail sale via mail order houses or via Internet,,,,0,0,http://business.data.gov.uk/id/company/16417287,,,,,,,,,,,,,,,,,,,,,12/05/2026,
AKKA BUILDING SERVICES LTD,16196751,,,"BUSINESS SOLUTIONS, 67",FERNHEAD ROAD,LONDON,,ENGLAND,W9 3EY,Private Limited Company,Active,United Kingdom,,21/01/2025,31,1,21/10/2026,,NO ACCOUNTS FILED,18/02/2026,,0,0,0,0,41201 - Construction of commercial buildings,41202 - Construction of domestic buildings,43210 - Electrical installation,43999 - Other specialised construction activities n.e.c.,0,0,http://business.data.gov.uk/id/company/16196751,10/02/2025,AVS BUILDING SERVICES LTD,,,,,,,,,,,,,,,,,,,03/02/2027,20/01/2026
AKN FOOD & WINE LTD,11612936,,,162 MANOR LANE,,LONDON,,UNITED KINGDOM,SE12 8LP,Private Limited Company,Active,United Kingdom,,09/10/2018,31,10,31/07/2027,31/10/2025,TOTAL EXEMPTION FULL,06/11/2019,,0,0,0,0,"47110 - Retail sale in non-specialised stores with food, beverages or tobacco predominating",,,,0,0,http://business.data.gov.uk/id/company/11612936,,,,,,,,,,,,,,,,,,,,,22/10/2026,08/10/2025
AL-KAMEL TRADING AND INVESTMENT LTD,16532248,,,14/2E DOCKLANDS BUSINESS CENTRE,10-16 TILLER ROAD,LONDON,,UNITED KINGDOM,E14 8PX,Private Limited Company,Active - Proposal to Strike off,United Kingdom,,20/06/2025,30,6,20/03/2027,,NO ACCOUNTS FILED,18/07/2026,,0,0,0,0,64304 - Activities of open-ended investment companies,,,,0,0,http://business.data.gov.uk/id/company/16532248,,,,,,,,,,,,,,,,,,,,,03/07/2026,
ALCHEMY COMMS LTD,12192504,,,209B 209B ST JOHNS ROAD,,LONDON,,UNITED KINGDOM,E17 4JL,Private Limited Company,Active,United Kingdom,,06/09/2019,30,9,30/06/2027,30/09/2025,UNAUDITED ABRIDGED,04/10/2020,,0,0,0,0,70210 - Public relations and communications activities,70229 - Management consultancy activities other than financial management,85600 - Educational support services,,0,0,http://business.data.gov.uk/id/company/12192504,,,,,,,,,,,,,,,,,,,,,08/09/2027,25/08/2026
ALD PROPERTY GROUP LTD,16870192,,,128 CITY ROAD,,LONDON,,UNITED KINGDOM,EC1V 2NX,Private Limited Company,Active,United Kingdom,,24/11/2025,30,11,24/08/2027,,NO ACCOUNTS FILED,22/12/2026,,0,0,0,0,55900 - Other accommodation,68100 - Buying and selling of own real estate,68209 - Other letting and operating of own or leased real estate,68320 - Management of real estate on a fee or contract basis,0,0,http://business.data.gov.uk/id/company/16870192,,,,,,,,,,,,,,,,,,,,,07/12/2026,
ALDGATE LAND ONE LIMITED,08791019,,,20 TRITON STREET,,LONDON,,UNITED KINGDOM,NW1 3BF,Private Limited Company,Active,United Kingdom,,26/11/2013,31,3,31/12/2026,31/03/2025,DORMANT,24/12/2016,26/11/2015,1,0,0,1,41100 - Development of building projects,,,,0,0,http://business.data.gov.uk/id/company/08791019,,,,,,,,,,,,,,,,,,,,,16/12/2026,02/12/2025
ALERTH ALNABAWI LTD,16370597,,,167-169 GREAT PORTLAND STREET,5TH FLOOR,LONDON,,ENGLAND,W1W 5PF,Private Limited Company,Active,United Kingdom,,07/04/2025,30,4,31/01/2028,30/04/2026,DORMANT,05/05/2026,,0,0,0,0,59113 - Television programme production activities,"59120 - Motion picture, video and television programme post-production activities",,,0,0,http://business.data.gov.uk/id/company/16370597,,,,,,,,,,,,,,,,,,,,,20/04/2027,06/04/2026
ALEX GROVE COACHING AND PERSONAL DEVELOPMENT LIMITED,10861682,,,77-79 STATION ROAD,CHINGFORD,LONDON,,ENGLAND,E4 7BU,Private Limited Company,Active,United Kingdom,,12/07/2017,31,7,30/04/2027,31/07/2025,MICRO ENTITY,09/08/2018,,0,0,0,0,96040 - Physical well-being activities,,,,0,0,http://business.data.gov.uk/id/company/10861682,,,,,,,,,,,,,,,,,,,,,25/07/2027,11/07/2026
ALEX MARTIN BTLS LTD,16874689,,,FLAT 3 CATHERWOOD COURT,MURRAY GROVE,LONDON,,ENGLAND,N1 7NN,Private Limited Company,Active,United Kingdom,,25/11/2025,30,11,25/08/2027,,NO ACCOUNTS FILED,23/12/2026,,9,9,0,0,68209 - Other letting and operating of own or leased real estate,,,,0,0,http://business.data.gov.uk/id/company/16874689,,,,,,,,,,,,,,,,,,,,,08/12/2026,
ALEXANDRITE DEVELOPMENTS LTD,11604480,,,22 CHANDLER AVENUE,,LONDON,,ENGLAND,E16 4AA,Private Limited Company,Active - Proposal to Strike off,United Kingdom,,04/10/2018,30,3,07/03/2023,31/03/2021,TOTAL EXEMPTION FULL,01/11/2019,,0,0,0,0,41201 - Construction of commercial buildings,41202 - Construction of domestic buildings,,,0,0,http://business.data.gov.uk/id/company/11604480,,,,,,,,,,,,,,,,,,,,,20/04/2023,06/04/2022
ALI VEG LTD,14116247,,,678 ROMFORD ROAD,MANOR PARK,LONDON,,ENGLAND,E12 5AJ,Private Limited Company,Active,United Kingdom,,18/05/2022,31,5,28/02/2027,31/05/2025,MICRO ENTITY,15/06/2023,,0,0,0,0,46310 - Wholesale of fruit and vegetables,,,,0,0,http://business.data.gov.uk/id/company/14116247,,,,,,,,,,,,,,,,,,,,,28/05/2027,14/05/2026
ALIADENT LTD,15242181,,,295 GRAY'S INN ROAD,GROUND FLOOR,LONDON,GREATER LONDON,ENGLAND,WC1X 8QL,Private Limited Company,Active,United Kingdom,,27/10/2023,31,3,31/12/2027,31/03/2026,UNAUDITED ABRIDGED,24/11/2024,,0,0,0,0,79110 - Travel agency activities,86900 - Other human health activities,,,0,0,http://business.data.gov.uk/id/company/15242181,,,,,,,,,,,,,,,,,,,,,11/10/2027,27/09/2026
ALIGN UX DIGITAL LTD,16710076,,,FLAT 80 TEMPLAR HOUSE,SHOOT UP HILL,LONDON,,ENGLAND,NW2 3TB,Private Limited Company,Active,United Kingdom,,11/09/2025,30,9,11/06/2027,,NO ACCOUNTS FILED,09/10/2026,,0,0,0,0,62020 - Information technology consultancy activities,,,,0,0,http://business.data.gov.uk/id/company/16710076,,,,,,,,,,,,,,,,,,,,,24/09/2026,
ALL IN THE PLANNING LTD,11254440,,,FLAT 40 1 PAPERMILL PLACE,WALTHAMSTOW,LONDON,,UNITED KINGDOM,E17 6GG,Private Limited Company,Active,United Kingdom,,14/03/2018,31,3,31/12/2026,31/03/2025,DORMANT,11/04/2019,,0,0,0,0,99999 - Dormant Company,,,,0,0,http://business.data.gov.uk/id/company/11254440,,,,,,,,,,,,,,,,,,,,,15/01/2027,01/01/2026
ALL STAR LC LTD,15430693,,,"FLAT 104, 10, GOLDHAWK HOUSE",BEAUFORT SQUARE,LONDON,,UNITED KINGDOM,NW9 5SW,Private Limited Company,Active,United Kingdom,,22/01/2024,31,1,31/10/2026,31/01/2025,DORMANT,19/02/2025,,0,0,0,0,56210 - Event catering activities,,,,0,0,http://business.data.gov.uk/id/company/15430693,,,,,,,,,,,,,,,,,,,,,04/02/2027,21/01/2026
ALL TERRAIN VEHICLES LTD,11679523,,,"LATIF HOUSE FIRST WAY, WEMBLEY",MIDDLESEX,LONDON,,UNITED KINGDOM,HA9 0JD,Private Limited Company,Active,United Kingdom,,15/11/2018,30,11,31/08/2027,30/11/2025,DORMANT,13/12/2019,,0,0,0,0,49390 - Other passenger land transport,"52219 - Other service activities incidental to land transportation, n.e.c.",52290 - Other transportation support activities,,0,0,http://business.data.gov.uk/id/company/11679523,,,,,,,,,,,,,,,,,,,,,28/11/2026,14/11/2025
ALL.LS DEVELOPMENTS LTD,16511205,,,51A CAMPDEN HILL ROAD,,LONDON,,UNITED KINGDOM,W8 7DY,Private Limited Company,Active,United Kingdom,,11/06/2025,30,6,11/03/2027,,NO ACCOUNTS FILED,09/07/2026,,1,1,0,0,68100 - Buying and selling of own real estate,,,,0,0,http://business.data.gov.uk/id/company/16511205,,,,,,,,,,,,,,,,,,,,,24/06/2027,10/06/2026
ALLEN'S & SONS LIMITED,11305975,,,51 SCRUTTON CLOSE,CLAPHAM PARK,LONDON,,UNITED KINGDOM,SW12 0AW,Private Limited Company,Active,United Kingdom,,12/04/2018,31,3,31/12/2026,31/03/2025,TOTAL EXEMPTION FULL,10/05/2019,,0,0,0,0,43999 - Other specialised construction activities n.e.c.,,,,0,0,http://business.data.gov.uk/id/company/11305975,,,,,,,,,,,,,,,,,,,,,25/04/2027,11/04/2026
ALLIANCE EXPRESS EUROPE (AXE) LTD,17107383,,,3 MAYFAIR GARDENS,,LONDON,,ENGLAND,N17 7LP,Private Limited Company,Active,United Kingdom,,21/03/2026,31,3,21/12/2027,,NO ACCOUNTS FILED,18/04/2027,,0,0,0,0,41201 - Construction of commercial buildings,41202 - Construction of domestic buildings,,,0,0,http://business.data.gov.uk/id/company/17107383,,,,,,,,,,,,,,,,,,,,,03/04/2027,
ALLIANCE SPORTS LIMITED,15768599,,,221 ELGIN AVENUE 221 ELGIN AVENUE,FLAT 4,LONDON,,ENGLAND,W9 1NH,Private Limited Company,Active,United Kingdom,,10/06/2024,30,6,31/03/2027,30/06/2025,DORMANT,08/07/2025,,0,0,0,0,93110 - Operation of sports facilities,,,,0,0,http://business.data.gov.uk/id/company/15768599,,,,,,,,,,,,,,,,,,,,,20/06/2027,06/06/2026
ALLYDEL DIGITAL AND TECH SOLUTIONS LTD,17418548,,,71-75 SHELTON STREET,COVENT GARDEN,LONDON,,UNITED KINGDOM,WC2H 9JQ,Private Limited Company,Active,United Kingdom,,25/08/2026,31,8,25/05/2028,,NO ACCOUNTS FILED,22/09/2027,,0,0,0,0,62020 - Information technology consultancy activities,73110 - Advertising agencies,,,0,0,http://business.data.gov.uk/id/company/17418548,,,,,,,,,,,,,,,,,,,,,07/09/2027,
ALMASS ESTATES LTD,15305881,,,7 BARFORD CLOSE,,LONDON,,ENGLAND,NW4 4XG,Private Limited Company,Active,United Kingdom,,23/11/2023,30,11,31/08/2027,30/11/2025,MICRO ENTITY,21/12/2024,,0,0,0,0,68310 - Real estate agencies,,,,0,0,http://business.data.gov.uk/id/company/15305881,,,,,,,,,,,,,,,,,,,,,06/12/2026,22/11/2025
ALMIDAN ALDIMASHKI LTD,16944976,,,133 CHURCH STREET,APARTMENT 16,LONDON,GREATER LONDON,ENGLAND,W2 1NA,Private Limited Company,Active,United Kingdom,,06/01/2026,31,1,06/10/2027,,NO ACCOUNTS FILED,03/02/2027,,0,0,0,0,56102 - Unlicensed restaurants and cafes,,,,0,0,http://business.data.gov.uk/id/company/16944976,,,,,,,,,,,,,,,,,,,,,19/01/2027,
ALNEBRAS LTD,16710526,,,71-75 SHELTON STREET,COVENT GARDEN,LONDON,,UNITED KINGDOM,WC2H 9JQ,Private Limited Company,Active,United Kingdom,,11/09/2025,30,9,11/06/2027,,NO ACCOUNTS FILED,09/10/2026,,0,0,0,0,"46390 - Non-specialised wholesale of food, beverages and tobacco",46460 - Wholesale of pharmaceutical goods,47730 - Dispensing chemist in specialised stores,86210 - General medical practice activities,0,0,http://business.data.gov.uk/id/company/16710526,,,,,,,,,,,,,,,,,,,,,24/09/2026,
ALPHA GG INSPECTION AND ENGINEERING SERVICES LTD,16677879,,,"3RD FLOOR, 86-90",PAUL STREET,LONDON,,ENGLAND,EC2A 4NE,Private Limited Company,Active,United Kingdom,,28/08/2025,31,8,28/05/2027,,NO ACCOUNTS FILED,25/09/2026,,0,0,0,0,71129 - Other engineering activities,71200 - Technical testing and analysis,,,0,0,http://business.data.gov.uk/id/company/16677879,,,,,,,,,,,,,,,,,,,,,10/09/2027,27/08/2026
ALPHAGRAPH SERVICES LTD,16914209,,,C/O NOTION CAPITAL MANAGERS LLP,91 WIMPOLE STREET,LONDON,,UNITED KINGDOM,W1G 0EF,Private Limited Company,Active,United Kingdom,,16/12/2025,31,12,16/09/2027,,NO ACCOUNTS FILED,13/01/2027,,0,0,0,0,99999 - Dormant Company,,,,0,0,http://business.data.gov.uk/id/company/16914209,,,,,,,,,,,,,,,,,,,,,29/12/2026,
ALSA BUSINESS SOLUTIONS LTD,14799570,,,71-75 SHELTON STREET,COVENT GARDEN,LONDON,,UNITED KINGDOM,WC2H 9JQ,Private Limited Company,Active,United Kingdom,,13/04/2023,30,4,31/01/2027,30/04/2025,UNAUDITED ABRIDGED,11/05/2024,,0,0,0,0,70229 - Management consultancy activities other than financial management,,,,0,0,http://business.data.gov.uk/id/company/14799570,,,,,,,,,,,,,,,,,,,,,25/04/2027,11/04/2026
ALTERNATIVESSELS LTD,13832272,,,"128 CITY ROAD, LONDON, GREATER LONDON",128 CITY ROAD,LONDON,,ENGLAND,EC1V 2NX,Private Limited Company,Active,United Kingdom,,06/01/2022,31,1,31/10/2026,31/01/2025,MICRO ENTITY,03/02/2023,,0,0,0,0,"46160 - Agents involved in the sale of textiles, clothing, fur, footwear and leather goods","47820 - Retail sale via stalls and markets of textiles, clothing and footwear",,,0,0,http://business.data.gov.uk/id/company/13832272,,,,,,,,,,,,,,,,,,,,,19/01/2027,05/01/2026
ALTHAKEEL GENERAL TRADING LTD,17031785,,,128 CITY ROAD,,LONDON,,UNITED KINGDOM,EC1V 2NX,Private Limited Company,Active,United Kingdom,,13/02/2026,28,2,13/11/2027,,NO ACCOUNTS FILED,13/03/2027,,0,0,0,0,46450 - Wholesale of perfume and cosmetics,"46470 - Wholesale of furniture, carpets and lighting equipment",46900 - Non-specialised wholesale trade,,0,0,http://business.data.gov.uk/id/company/17031785,,,,,,,,,,,,,,,,,,,,,26/02/2027,
ALTMEN PHARMACEUTICALS LTD.,12577367,,,167-169 GREAT PORTLAND STREET,,LONDON,,,W1W 5PF,Private Limited Company,Active,United Kingdom,,29/04/2020,30,4,31/01/2027,30/04/2025,MICRO ENTITY,27/05/2021,,2,0,1,1,46460 - Wholesale of pharmaceutical goods,47290 - Other retail sale of food in specialised stores,47910 - Retail sale via mail order houses or via Internet,82990 - Other business support service activities n.e.c.,0,0,http://business.data.gov.uk/id/company/12577367,22/09/2022,BODY HEALTH SHOP UK LTD,,,,,,,,,,,,,,,,,,,27/08/2027,13/08/2026
ALWAN AND ATA TRADING LTD,16820035,,,182-184 OFFICE 15425 182-184 HIGH STREET NORTH LONDON,EAST HAM,LONDON,", RIYADH",UNITED KINGDOM,E6 2JA,Private Limited Company,Active,United Kingdom,,30/10/2025,31,10,30/07/2027,,NO ACCOUNTS FILED,27/11/2026,,0,0,0,0,47910 - Retail sale via mail order houses or via Internet,,,,0,0,http://business.data.gov.uk/id/company/16820035,,,,,,,,,,,,,,,,,,,,,12/11/2026,
ALYABES PROPERTIES LIMITED,11286919,,,34 STEBBING HOUSE 5,QUEENSDALE CRESCENT,LONDON,,ENGLAND,W11 4TE,Private Limited Company,Active,United Kingdom,,03/04/2018,30,4,31/01/2027,30/04/2025,UNAUDITED ABRIDGED,01/05/2019,,1,1,0,0,68100 - Buying and selling of own real estate,,,,0,0,http://business.data.gov.uk/id/company/11286919,,,,,,,,,,,,,,,,,,,,,16/04/2027,02/04/2026
AM FOOD SYSTEM LTD,17017694,,,71-75 SHELTON STREET,COVENT GARDEN,LONDON,,UNITED KINGDOM,WC2H 9JQ,Private Limited Company,Active,United Kingdom,,06/02/2026,28,2,06/11/2027,,NO ACCOUNTS FILED,06/03/2027,,0,0,0,0,10890 - Manufacture of other food products n.e.c.,"46390 - Non-specialised wholesale of food, beverages and tobacco",96090 - Other service activities n.e.c.,,0,0,http://business.data.gov.uk/id/company/17017694,,,,,,,,,,,,,,,,,,,,,19/02/2027,
AM>PM LOGISTICS LTD,16620114,,,"3RD FLOOR, 86-90",PAUL STREET,LONDON,ENGLAND,UNITED KINGDOM,EC2A 4NE,Private Limited Company,Active,United Kingdom,,31/07/2025,31,7,30/04/2027,,NO ACCOUNTS FILED,28/08/2026,,0,0,0,0,49410 - Freight transport by road,53201 - Licensed carriers,53202 - Unlicensed carrier,78200 - Temporary employment agency activities,0,0,http://business.data.gov.uk/id/company/16620114,,,,,,,,,,,,,,,,,,,,,31/08/2027,17/08/2026
AMBA PEOPLE LIMITED,04316451,,,29 CRAVEN STREET,,LONDON,,,WC2N 5NT,Private Limited Company,Liquidation,United Kingdom,,05/11/2001,31,3,31/12/2025,31/03/2024,TOTAL EXEMPTION FULL,03/12/2016,05/11/2015,9,2,0,7,62012 - Business and domestic software development,,,,0,0,http://business.data.gov.uk/id/company/04316451,03/04/2021,PREMIER EMPLOYER SOLUTIONS LTD,28/01/2011,BENEFEXPES LTD,07/12/2010,PREMIER EMPLOYER SOLUTIONS LTD,,,,,,,,,,,,,,,19/11/2025,05/11/2024
AMBAYA CA LTD,13136174,,,THE STEWARD BUILDING,12 STEWARD STREET,LONDON,,ENGLAND,E1 6FQ,Private Limited Company,Active,United Kingdom,,15/01/2021,31,1,31/10/2026,31/01/2025,MICRO ENTITY,12/02/2022,,0,0,0,0,68209 - Other letting and operating of own or leased real estate,,,,0,0,http://business.data.gov.uk/id/company/13136174,,,,,,,,,,,,,,,,,,,,,23/08/2027,09/08/2026
AMBER LIGHT DIAGNOSTICS LTD,11813819,,,80 BUXTON COURT MICAWBER STREET,HACKNEY,LONDON,,UNITED KINGDOM,N1 7TL,Private Limited Company,Active,United Kingdom,,07/02/2019,28,2,30/11/2027,28/02/2026,DORMANT,06/03/2020,,0,0,0,0,45112 - Sale of used cars and light motor vehicles,45200 - Maintenance and repair of motor vehicles,,,0,0,http://business.data.gov.uk/id/company/11813819,,,,,,,,,,,,,,,,,,,,,14/02/2027,31/01/2026
AMBERSHAW LIMITED,16470829,,,72 HALLIWICK ROAD,,LONDON,,ENGLAND,N10 1AB,Private Limited Company,Active,United Kingdom,,23/05/2025,31,5,23/02/2027,,NO ACCOUNTS FILED,20/06/2026,,0,0,0,0,96090 - Other service activities n.e.c.,,,,0,0,http://business.data.gov.uk/id/company/16470829,,,,,,,,,,,,,,,,,,,,,05/06/2027,22/05/2026
AMBIENT COMPUTER SERVICES LIMITED,12934040,,,17 CLERKENWELL GREEN,,LONDON,,ENGLAND,EC1R 0DP,Private Limited Company,Active,United Kingdom,,07/10/2020,30,4,31/01/2027,30/04/2025,DORMANT,04/11/2021,,0,0,0,0,99999 - Dormant Company,,,,0,0,http://business.data.gov.uk/id/company/12934040,28/10/2020,AMBICO SERVICES LTD,,,,,,,,,,,,,,,,,,,20/10/2026,06/10/2025
AMINAH ENTERPRISE LIMITED,12368729,,,98 COMMERCIAL ROAD,,LONDON,,ENGLAND,E1 1NU,Private Limited Company,Active - Proposal to Strike off,United Kingdom,,18/12/2019,31,12,30/09/2024,31/12/2022,DORMANT,15/01/2021,,0,0,0,0,49320 - Taxi operation,,,,0,0,http://business.data.gov.uk/id/company/12368729,,,,,,,,,,,,,,,,,,,,,29/01/2024,15/01/2023
AMISH AND SONS LIMITED,07759907,,,15 FRASER HOUSE,ALBION AVENUE,LONDON,,ENGLAND,SW8 2AR,Private Limited Company,Active - Proposal to Strike off,United Kingdom,,02/09/2011,30,9,30/06/2023,30/09/2021,TOTAL EXEMPTION FULL,30/09/2016,02/09/2015,0,0,0,0,86210 - General medical practice activities,,,,0,0,http://business.data.gov.uk/id/company/07759907,11/09/2012,AMISH PRACTICE LIMITED,,,,,,,,,,,,,,,,,,,16/09/2022,02/09/2021
AMMJ LIMITED,10845599,,,SECOND FLOOR OFFICE,10 CROMWELL PLACE,LONDON,,UNITED KINGDOM,SW7 2JN,Private Limited Company,Active,United Kingdom,,30/06/2017,31,12,30/09/2027,31/12/2025,TOTAL EXEMPTION FULL,28/07/2018,,0,0,0,0,68209 - Other letting and operating of own or leased real estate,,,,0,0,http://business.data.gov.uk/id/company/10845599,,,,,,,,,,,,,,,,,,,,,21/08/2027,07/08/2026
AMOGHA CONSULTING LTD,11885149,,,FAIRMAN HARRIS,1 LANDOR ROAD,LONDON,,ENGLAND,SW9 9RX,Private Limited Company,Active,United Kingdom,,15/03/2019,31,3,31/12/2027,31/03/2026,TOTAL EXEMPTION FULL,12/04/2020,,0,0,0,0,70229 - Management consultancy activities other than financial management,,,,0,0,http://business.data.gov.uk/id/company/11885149,,,,,,,,,,,,,,,,,,,,,20/03/2027,06/03/2026
ANAGADA PARK FREEHOLD COMPANY LIMITED,03958181,,,BROUGHTON & CO LTD,3 SHERMAN WALK,LONDON,,ENGLAND,SE10 0YJ,Private Limited Company,Active,United Kingdom,,28/03/2000,31,3,31/12/2026,24/03/2025,UNAUDITED ABRIDGED,25/04/2017,28/03/2016,0,0,0,0,98000 - Residents property management,,,,0,0,http://business.data.gov.uk/id/company/03958181,,,,,,,,,,,,,,,,,,,,,20/06/2026,06/06/2025
ANATOLIA BITE LTD,17060422,,,128 CITY ROAD,,LONDON,,UNITED KINGDOM,EC1V 2NX,Private Limited Company,Active,United Kingdom,,27/02/2026,28,2,27/11/2027,,NO ACCOUNTS FILED,27/03/2027,,0,0,0,0,47910 - Retail sale via mail order houses or via Internet,,,,0,0,http://business.data.gov.uk/id/company/17060422,,,,,,,,,,,,,,,,,,,,,12/03/2027,
ANCHOR & KEY PROPERTIES LTD,17040155,,,20 WENLOCK ROAD,,LONDON,,ENGLAND,N1 7GU,Private Limited Company,Active,United Kingdom,,18/02/2026,28,2,18/11/2027,,NO ACCOUNTS FILED,18/03/2027,,0,0,0,0,68320 - Management of real estate on a fee or contract basis,,,,0,0,http://business.data.gov.uk/id/company/17040155,,,,,,,,,,,,,,,,,,,,,03/03/2027,
ANCHORSTONE PROJECTS LTD,07635822,,,19 NAVARINO ROAD,,LONDON,,ENGLAND,E8 1AD,Private Limited Company,Active,United Kingdom,,16/05/2011,31,5,28/02/2027,31/05/2025,TOTAL EXEMPTION FULL,13/06/2017,16/05/2016,0,0,0,0,56101 - Licensed restaurants,60200 - Television programming and broadcasting activities,,,0,0,http://business.data.gov.uk/id/company/07635822,24/05/2022,JEMIMA & HENRY LIMITED,,,,,,,,,,,,,,,,,,,30/05/2027,16/05/2026
ANCRO INTERNATIONAL LIMITED,15270266,,,104 GEORGE LANE,,LONDON,,ENGLAND,E18 1AD,Private Limited Company,Active,United Kingdom,,08/11/2023,31,12,30/09/2027,31/12/2025,MICRO ENTITY,06/12/2024,,0,0,0,0,62020 - Information technology consultancy activities,70229 - Management consultancy activities other than financial management,,,0,0,http://business.data.gov.uk/id/company/15270266,,,,,,,,,,,,,,,,,,,,,21/11/2026,07/11/2025
ANDREW JOHN SERVICES LTD,11474241,,,201 HIGH STREET,,LONDON,,ENGLAND,E17 7BH,Private Limited Company,Liquidation,United Kingdom,,19/07/2018,31,7,30/04/2021,31/07/2019,MICRO ENTITY,16/08/2019,,0,0,0,0,46900 - Non-specialised wholesale trade,49410 - Freight transport by road,,,0,0,http://business.data.gov.uk/id/company/11474241,,,,,,,,,,,,,,,,,,,,,31/05/2022,17/05/2021
ANGELA FLANDERS LTD,07981446,,,96 COLUMBIA ROAD,,LONDON,,,E2 7QB,Private Limited Company,Active,United Kingdom,,08/03/2012,31,7,30/04/2027,31/07/2025,MICRO ENTITY,05/04/2017,08/03/2016,0,0,0,0,47750 - Retail sale of cosmetic and toilet articles in specialised stores,,,,0,0,http://business.data.gov.uk/id/company/07981446,,,,,,,,,,,,,,,,,,,,,22/03/2027,08/03/2026
ANGELS MARGO LTD,17046443,,,55 ALBERT ROAD,,LONDON,,ENGLAND,NW4 2SH,Private Limited Company,Active,United Kingdom,,21/02/2026,28,2,21/11/2027,,NO ACCOUNTS FILED,21/03/2027,,0,0,0,0,70229 - Management consultancy activities other than financial management,,,,0,0,http://business.data.gov.uk/id/company/17046443,,,,,,,,,,,,,,,,,,,,,06/03/2027,
ANIMUS ESTATES LTD,16841477,,,86-90 PAUL STREET,,LONDON,,UNITED KINGDOM,EC2A 4NE,Private Limited Company,Active,United Kingdom,,09/11/2025,30,11,09/08/2027,,NO ACCOUNTS FILED,07/12/2026,,0,0,0,0,68320 - Management of real estate on a fee or contract basis,,,,0,0,http://business.data.gov.uk/id/company/16841477,,,,,,,,,,,,,,,,,,,,,22/11/2026,
ANITA'S VILLAGE LTD,17420259,,,2 STANTON ROAD,BARNES,LONDON,,UNITED KINGDOM,SW13 0EX,Private Limited Company,Active,United Kingdom,,25/08/2026,31,8,25/05/2028,,NO ACCOUNTS FILED,22/09/2027,,0,0,0,0,96090 - Other service activities n.e.c.,,,,0,0,http://business.data.gov.uk/id/company/17420259,,,,,,,,,,,,,,,,,,,,,07/09/2027,
ANJEL PROPERTY LTD,15455959,,,ASPECT HOUSE,16 WILMER PLACE,LONDON,,UNITED KINGDOM,N16 0LQ,Private Limited Company,Active,United Kingdom,,31/01/2024,31,1,31/10/2026,31/01/2025,MICRO ENTITY,28/02/2025,,0,0,0,0,68100 - Buying and selling of own real estate,68201 - Renting and operating of Housing Association real estate,68209 - Other letting and operating of own or leased real estate,68320 - Management of real estate on a fee or contract basis,0,0,http://business.data.gov.uk/id/company/15455959,,,,,,,,,,,,,,,,,,,,,11/03/2027,25/02/2026
ANNA BOOTH LIMITED,04616183,,,STUDIO 6,3A BRACKENBURY ROAD,LONDON,,ENGLAND,W6 0BE,Private Limited Company,Active,United Kingdom,,12/12/2002,31,3,31/12/2026,31/03/2025,TOTAL EXEMPTION FULL,09/01/2017,12/12/2015,0,0,0,0,90030 - Artistic creation,,,,0,0,http://business.data.gov.uk/id/company/04616183,,,,,,,,,,,,,,,,,,,,,18/12/2026,04/12/2025
ANNINGTON PROPERTY (NO.2) LIMITED,15139040,,,HAYS LANE HOUSE,1 HAYS LANE,LONDON,,UNITED KINGDOM,SE1 2HB,Private Limited Company,Active,United Kingdom,,14/09/2023,31,3,31/12/2026,31/03/2025,FULL,12/10/2024,,0,0,0,0,68209 - Other letting and operating of own or leased real estate,,,,0,0,http://business.data.gov.uk/id/company/15139040,,,,,,,,,,,,,,,,,,,,,13/06/2027,30/05/2026
ANNISA INTELLIGENCE LIMITED,07007068,,,43 BERKELEY SQUARE,,LONDON,,ENGLAND,W1J 5AP,Private Limited Company,Active,United Kingdom,,02/09/2009,31,12,30/09/2027,31/12/2025,TOTAL EXEMPTION FULL,30/09/2016,02/09/2015,0,0,0,0,80100 - Private security activities,,,,0,0,http://business.data.gov.uk/id/company/07007068,22/07/2010,THE ANNISA GROUP LIMITED,16/01/2010,ANNISA GROUP LIMITED,,,,,,,,,,,,,,,,,16/09/2027,02/09/2026
ANSAR CONSULTING LTD,12411167,,,27 OLD GLOUCESTER STREET,,LONDON,,UNITED KINGDOM,WC1N 3AX,Private Limited Company,Active - Proposal to Strike off,United Kingdom,,17/01/2020,31,1,31/10/2022,31/01/2021,TOTAL EXEMPTION FULL,14/02/2021,,0,0,0,0,68100 - Buying and selling of own real estate,70229 - Management consultancy activities other than financial management,,,0,0,http://business.data.gov.uk/id/company/12411167,,,,,,,,,,,,,,,,,,,,,30/01/2022,16/01/2021
ANUSHREE HOMES LIMITED,14906257,,,78 BROOKDENE ROAD,,LONDON,,UNITED KINGDOM,SE18 1EJ,Private Limited Company,Active,United Kingdom,,31/05/2023,31,5,28/02/2027,31/05/2025,TOTAL EXEMPTION FULL,28/06/2024,,3,3,0,0,68100 - Buying and selling of own real estate,68209 - Other letting and operating of own or leased real estate,,,0,0,http://business.data.gov.uk/id/company/14906257,,,,,,,,,,,,,,,,,,,,,13/06/2027,30/05/2026
APLEUM TECHNOLOGIES LIMITED,14578772,,,71-75 SHELTON STREET,,LONDON,,ENGLAND,WC2H 9JQ,Private Limited Company,Active,United Kingdom,,09/01/2023,31,1,31/10/2027,31/01/2026,MICRO ENTITY,06/02/2024,,0,0,0,0,72190 - Other research and experimental development on natural sciences and engineering,,,,0,0,http://business.data.gov.uk/id/company/14578772,,,,,,,,,,,,,,,,,,,,,01/02/2027,18/01/2026
APOPOTE LTD,14260219,,,34 LANCASTER ROAD,,LONDON,,ENGLAND,SW19 5DD,Private Limited Company,Active,United Kingdom,,27/07/2022,31,7,30/04/2027,31/07/2025,MICRO ENTITY,24/08/2023,,0,0,0,0,99999 - Dormant Company,,,,0,0,http://business.data.gov.uk/id/company/14260219,,,,,,,,,,,,,,,,,,,,,09/08/2027,26/07/2026
APPA LTD,17251459,,,26 CRESCENT GROVE,,LONDON,,ENGLAND,SW4 7AH,Private Limited Company,Active,United Kingdom,,31/05/2026,31,5,29/02/2028,,NO ACCOUNTS FILED,28/06/2027,,0,0,0,0,62012 - Business and domestic software development,,,,0,0,http://business.data.gov.uk/id/company/17251459,,,,,,,,,,,,,,,,,,,,,13/06/2027,
APPIAN WAY HOLDINGS LIMITED,16108683,,,128 CITY ROAD,,LONDON,,UNITED KINGDOM,EC1V 2NX,Private Limited Company,Active,United Kingdom,,29/11/2024,30,11,31/08/2027,30/11/2025,MICRO ENTITY,27/12/2025,,0,0,0,0,46900 - Non-specialised wholesale trade,,,,0,0,http://business.data.gov.uk/id/company/16108683,,,,,,,,,,,,,,,,,,,,,12/12/2026,28/11/2025
APPLIED ORBITS LTD,15350446,,,THE LONG LODGE 265-269 KINGSTON ROAD,WIMBLEDON,LONDON,,UNITED KINGDOM,SW19 3NW,Private Limited Company,Active,United Kingdom,,14/12/2023,31,12,30/09/2027,31/12/2025,MICRO ENTITY,11/01/2025,,0,0,0,0,62020 - Information technology consultancy activities,70229 - Management consultancy activities other than financial management,71122 - Engineering related scientific and technical consulting activities,,0,0,http://business.data.gov.uk/id/company/15350446,,,,,,,,,,,,,,,,,,,,,27/12/2026,13/12/2025
APR RISKS LTD,17043744,,,"124-128, 124-128 CITY ROAD",,LONDON,,UNITED KINGDOM,EC1V 2NX,Private Limited Company,Active,United Kingdom,,19/02/2026,28,2,19/11/2027,,NO ACCOUNTS FILED,19/03/2027,,0,0,0,0,66210 - Risk and damage evaluation,,,,0,0,http://business.data.gov.uk/id/company/17043744,,,,,,,,,,,,,,,,,,,,,04/03/2027,
AQUA HUB LTD,11827224,,,12 NORTHFIELDS PROSPECT,PUTNEY BRIDGE ROAD,LONDON,,UNITED KINGDOM,SW18 1PE,Private Limited Company,Active,United Kingdom,,14/02/2019,28,2,30/11/2027,28/02/2026,MICRO ENTITY,13/03/2020,,0,0,0,0,85510 - Sports and recreation education,,,,0,0,http://business.data.gov.uk/id/company/11827224,,,,,,,,,,,,,,,,,,,,,07/03/2027,21/02/2026
AQUA MUNDA LTD,13679574,,,71-75 SHELTON STREET,COVENT GARDEN,LONDON,,UNITED KINGDOM,WC2H 9JQ,Private Limited Company,Active,United Kingdom,,14/10/2021,31,10,31/07/2027,31/10/2025,UNAUDITED ABRIDGED,11/11/2022,,0,0,0,0,33150 - Repair and maintenance of ships and boats,46190 - Agents involved in the sale of a variety of goods,52220 - Service activities incidental to water transportation,71200 - Technical testing and analysis,0,0,http://business.data.gov.uk/id/company/13679574,,,,,,,,,,,,,,,,,,,,,27/10/2026,13/10/2025
ARAB ASIA CRICKET LEAGUE LIMITED,16824435,,,128 CITY ROAD,,LONDON,,UNITED KINGDOM,EC1V 2NX,Private Limited Company,Active,United Kingdom,,31/10/2025,31,10,31/07/2027,,NO ACCOUNTS FILED,28/11/2026,,0,0,0,0,85510 - Sports and recreation education,85590 - Other education n.e.c.,,,0,0,http://business.data.gov.uk/id/company/16824435,,,,,,,,,,,,,,,,,,,,,13/11/2026,
ARCANA GROUP,12344753,,,20-22 WENLOCK ROAD,,LONDON,,ENGLAND,N1 7GU,"PRI/LBG/NSC (Private, Limited by guarantee, no share capital, use of 'Limited' exemption)",Active - Proposal to Strike off,United Kingdom,,02/12/2019,31,12,30/09/2026,31/12/2024,DORMANT,30/12/2020,,0,0,0,0,82990 - Other business support service activities n.e.c.,,,,0,0,http://business.data.gov.uk/id/company/12344753,,,,,,,,,,,,,,,,,,,,,15/12/2025,01/12/2024
ARCH X BUILDING LIMITED,15116179,,,3 SHIREBROOK ROAD,,LONDON,,ENGLAND,SE3 8LS,Private Limited Company,Active,United Kingdom,,05/09/2023,30,9,30/06/2027,30/09/2025,TOTAL EXEMPTION FULL,03/10/2024,,0,0,0,0,41202 - Construction of domestic buildings,,,,0,0,http://business.data.gov.uk/id/company/15116179,,,,,,,,,,,,,,,,,,,,,18/09/2026,04/09/2025
ARDED LTD,15934029,,,97 VILLAS ROAD,,LONDON,,ENGLAND,SE18 7PW,Private Limited Company,Active,United Kingdom,,03/09/2024,30,9,30/06/2027,30/09/2025,MICRO ENTITY,01/10/2025,,0,0,0,0,47910 - Retail sale via mail order houses or via Internet,"47990 - Other retail sale not in stores, stalls or markets",,,0,0,http://business.data.gov.uk/id/company/15934029,,,,,,,,,,,,,,,,,,,,,16/09/2027,02/09/2026
ARENA PROPERTY INVESTMENT LIMITED,07503137,,,9TH FLOOR,6 NEW STREET SQUARE,LONDON,,UNITED KINGDOM,EC4A 3BF,Private Limited Company,Active,United Kingdom,,24/01/2011,31,12,30/09/2027,31/12/2025,TOTAL EXEMPTION FULL,21/02/2017,24/01/2016,23,6,0,17,68100 - Buying and selling of own real estate,,,,0,0,http://business.data.gov.uk/id/company/07503137,,,,,,,,,,,,,,,,,,,,,07/03/2027,21/02/2026
ARETEI PROPERTIES LIMITED,08392092,,,4A CLEARWATER HOUSE,4-7 MANCHESTER STREET,LONDON,GREATER LONDON,,W1U 3AE,Private Limited Company,Active,United Kingdom,,07/02/2013,30,6,31/03/2027,30/06/2025,MICRO ENTITY,07/03/2017,07/02/2016,1,1,0,0,68209 - Other letting and operating of own or leased real estate,,,,0,0,http://business.data.gov.uk/id/company/08392092,,,,,,,,,,,,,,,,,,,,,21/02/2027,07/02/2026
ARGEDDION LTD,13110933,,,BIRCHFIELD,12 BELVEDERE GROVE,LONDON,,ENGLAND,SW19 7RL,Private Limited Company,Active,United Kingdom,,04/01/2021,31,1,31/10/2026,31/01/2025,DORMANT,01/02/2022,,0,0,0,0,93199 - Other sports activities,,,,0,0,http://business.data.gov.uk/id/company/13110933,,,,,,,,,,,,,,,,,,,,,17/01/2027,03/01/2026
ARISCHIO CONSULTING LTD,10542396,,,71 - 75 SHELTON STREET,COVENT GARDEN,LONDON,,ENGLAND,WC2H 9JQ,Private Limited Company,Active,United Kingdom,,29/12/2016,31,12,30/09/2026,31/12/2024,MICRO ENTITY,26/01/2018,,0,0,0,0,70229 - Management consultancy activities other than financial management,,,,0,0,http://business.data.gov.uk/id/company/10542396,,,,,,,,,,,,,,,,,,,,,11/01/2027,28/12/2025
ARISTO ESTATES LTD,15806018,,,128 CITY ROAD,,LONDON,,ENGLAND,EC1V 2NX,Private Limited Company,Active,United Kingdom,,27/06/2024,30,6,31/03/2028,30/06/2026,MICRO ENTITY,25/07/2025,,1,1,0,0,68100 - Buying and selling of own real estate,68209 - Other letting and operating of own or leased real estate,,,0,0,http://business.data.gov.uk/id/company/15806018,,,,,,,,,,,,,,,,,,,,,10/07/2027,26/06/2026
ARK 108 INVESTMENTS LIMITED,16176881,,,3RD FLOOR 45 ALBEMARLE STREET,MAYFAIR,LONDON,,ENGLAND,W1S 4JL,Private Limited Company,Active,United Kingdom,,10/01/2025,31,3,10/10/2026,,NO ACCOUNTS FILED,07/02/2026,,0,0,0,0,68100 - Buying and selling of own real estate,68209 - Other letting and operating of own or leased real estate,,,0,0,http://business.data.gov.uk/id/company/16176881,,,,,,,,,,,,,,,,,,,,,23/07/2027,09/07/2026
ARK IMAGE LIMITED,12181726,,,88A 88A,GREENFIELD ROAD,LONDON,,UNITED KINGDOM,E1 1EJ,Private Limited Company,Active,United Kingdom,,30/08/2019,31,8,31/05/2027,31/08/2025,MICRO ENTITY,27/09/2020,,0,0,0,0,74209 - Photographic activities not elsewhere classified,,,,0,0,http://business.data.gov.uk/id/company/12181726,,,,,,,,,,,,,,,,,,,,,12/09/2027,29/08/2026
ARKI CONSTRUCTION LTD,16676893,,,FLAT 4A OXFORD & CAMBRIDGE MANSIONS,OLD MARYLEBONE ROAD,LONDON,,ENGLAND,NW1 5EE,Private Limited Company,Active,United Kingdom,,28/08/2025,31,8,28/05/2027,,NO ACCOUNTS FILED,25/09/2026,,0,0,0,0,41201 - Construction of commercial buildings,41202 - Construction of domestic buildings,43999 - Other specialised construction activities n.e.c.,,0,0,http://business.data.gov.uk/id/company/16676893,,,,,,,,,,,,,,,,,,,,,10/09/2026,
ART HOMES DEVELOPMENTS LIMITED,15541257,,,STUDIO 8,229 SHOREDITCH HIGH STREET,LONDON,GREATER LONDON,ENGLAND,E1 6PJ,Private Limited Company,Active,United Kingdom,,05/03/2024,31,3,31/12/2027,31/03/2026,DORMANT,02/04/2025,,0,0,0,0,41100 - Development of building projects,,,,0,0,http://business.data.gov.uk/id/company/15541257,,,,,,,,,,,,,,,,,,,,,18/03/2027,04/03/2026
ARTIGIANO LIMITED,11052691,,,106 FULHAM PALACE ROAD,,LONDON,ENGLAND,,W6 9PL,Private Limited Company,Active,United Kingdom,,08/11/2017,30,11,31/08/2027,30/11/2025,MICRO ENTITY,06/12/2018,,0,0,0,0,11050 - Manufacture of beer,,,,0,0,http://business.data.gov.uk/id/company/11052691,,,,,,,,,,,,,,,,,,,,,21/11/2026,07/11/2025
ARTOX CONSULTING LTD,16988850,,,4TH FLOOR OFFICE,205 REGENT STREET,LONDON,,ENGLAND,W1B 4HB,Private Limited Company,Active,United Kingdom,,26/01/2026,31,1,26/10/2027,,NO ACCOUNTS FILED,23/02/2027,,0,0,0,0,62020 - Information technology consultancy activities,72110 - Research and experimental development on biotechnology,"74909 - Other professional, scientific and technical activities n.e.c.",,0,0,http://business.data.gov.uk/id/company/16988850,,,,,,,,,,,,,,,,,,,,,08/02/2027,
ASAT&CO LIMITED,15368572,,,6 HORNSEY PARK ROAD,,LONDON,,ENGLAND,N8 0JP,Private Limited Company,Active,United Kingdom,,22/12/2023,31,12,30/09/2027,31/12/2025,MICRO ENTITY,19/01/2025,,0,0,0,0,69201 - Accounting and auditing activities,,,,0,0,http://business.data.gov.uk/id/company/15368572,28/04/2025,TAX MASTER LONDON LIMITED,11/09/2024,TAX ASSIST LONDON LIMITED,,,,,,,,,,,,,,,,,04/01/2027,21/12/2025
ASCEND LEADS MARKETING LTD,17316093,,,66 PAUL STREET,,LONDON,,ENGLAND,EC2A 4NA,Private Limited Company,Active,United Kingdom,,02/07/2026,31,7,02/04/2028,,NO ACCOUNTS FILED,30/07/2027,,0,0,0,0,73110 - Advertising agencies,,,,0,0,http://business.data.gov.uk/id/company/17316093,,,,,,,,,,,,,,,,,,,,,15/07/2027,
ASHALD LIMITED,13214380,,,42 CHRISTOPHER COURT,97 LEMAN STREET,LONDON,,ENGLAND,E1 8GJ,Private Limited Company,Active,United Kingdom,,19/02/2021,28,2,30/11/2026,28/02/2025,TOTAL EXEMPTION FULL,19/03/2022,,1,1,0,0,68100 - Buying and selling of own real estate,68209 - Other letting and operating of own or leased real estate,,,0,0,http://business.data.gov.uk/id/company/13214380,,,,,,,,,,,,,,,,,,,,,04/03/2027,18/02/2026
ASHMANRIDGE PROPERTIES LIMITED,13935493,,,1 KINGS AVENUE,,LONDON,,UNITED KINGDOM,N21 3NA,Private Limited Company,Active,United Kingdom,,23/02/2022,28,2,30/11/2026,28/02/2025,TOTAL EXEMPTION FULL,23/03/2023,,1,1,0,0,68100 - Buying and selling of own real estate,68209 - Other letting and operating of own or leased real estate,,,0,0,http://business.data.gov.uk/id/company/13935493,,,,,,,,,,,,,,,,,,,,,16/03/2027,02/03/2026
ASHWOOD PARK RESIDENTIAL LIMITED,13580084,,,FIRST FLOOR OFFICES,FARLEY COURT ALLSOP PLACE,LONDON,,UNITED KINGDOM,NW1 5LG,Private Limited Company,Active,United Kingdom,,23/08/2021,23,12,22/12/2026,31/12/2024,TOTAL EXEMPTION FULL,20/09/2022,,7,4,0,3,68100 - Buying and selling of own real estate,68209 - Other letting and operating of own or leased real estate,,,0,0,http://business.data.gov.uk/id/company/13580084,,,,,,,,,,,,,,,,,,,,,05/09/2027,22/08/2026
ASSEMBLEIA DE DEUS DE LONDRES,05999418,,,155 ACTON LANE,,LONDON,,,NW10 7NJ,"PRI/LBG/NSC (Private, Limited by guarantee, no share capital, use of 'Limited' exemption)",Active,United Kingdom,,15/11/2006,31,3,31/12/2026,31/03/2025,TOTAL EXEMPTION FULL,13/12/2016,15/11/2015,3,1,0,2,94910 - Activities of religious organizations,,,,0,0,http://business.data.gov.uk/id/company/05999418,,,,,,,,,,,,,,,,,,,,,13/11/2026,30/10/2025
ASSET LONDON JEWELLERY LTD,14277614,,,36 GLEBE ROAD,FINCHLEY,LONDON,,UNITED KINGDOM,N3 2AX,Private Limited Company,Active,United Kingdom,,04/08/2022,31,8,31/05/2027,31/08/2025,TOTAL EXEMPTION FULL,01/09/2023,,0,0,0,0,47770 - Retail sale of watches and jewellery in specialised stores,,,,0,0,http://business.data.gov.uk/id/company/14277614,,,,,,,,,,,,,,,,,,,,,17/08/2027,03/08/2026
ASTRA WORLD TRADING LIMITED,17322332,,,FLAT 43 SKYLARK POINT,48 NEWNTON CLOSE,LONDON,,ENGLAND,N4 2BX,Private Limited Company,Active,United Kingdom,,06/07/2026,31,7,06/04/2028,,NO ACCOUNTS FILED,03/08/2027,,0,0,0,0,"47990 - Other retail sale not in stores, stalls or markets",,,,0,0,http://business.data.gov.uk/id/company/17322332,,,,,,,,,,,,,,,,,,,,,19/07/2027,
ATEN COMMUNICATIONS UK LTD,12142896,,,25 CABOT SQUARE,,LONDON,,ENGLAND,E14 4QZ,Private Limited Company,Active,United Kingdom,,07/08/2019,31,8,31/05/2027,31/08/2025,TOTAL EXEMPTION FULL,04/09/2020,,0,0,0,0,61900 - Other telecommunications activities,62020 - Information technology consultancy activities,62090 - Other information technology service activities,80200 - Security systems service activities,0,0,http://business.data.gov.uk/id/company/12142896,,,,,,,,,,,,,,,,,,,,,30/09/2026,16/09/2025
ATHENA RESILIENCE ADVISORY LTD,17122914,,,FLAT 24 DOWNINGS HOUSE,21 SOUTHEY ROAD,LONDON,,ENGLAND,SW19 1ND,Private Limited Company,Active,United Kingdom,,28/03/2026,31,3,28/12/2027,,NO ACCOUNTS FILED,25/04/2027,,0,0,0,0,70229 - Management consultancy activities other than financial management,,,,0,0,http://business.data.gov.uk/id/company/17122914,,,,,,,,,,,,,,,,,,,,,10/04/2027,
ATHENA VORTEX LTD,16771482,,,FLAT 107 QUEENSBRIDGE COURT,QUEENSBRIDGE ROAD,LONDON,,ENGLAND,E2 8PA,Private Limited Company,Active,United Kingdom,,08/10/2025,31,10,08/07/2027,,NO ACCOUNTS FILED,05/11/2026,,0,0,0,0,59200 - Sound recording and music publishing activities,,,,0,0,http://business.data.gov.uk/id/company/16771482,,,,,,,,,,,,,,,,,,,,,21/10/2026,
ATK FINANCE LIMITED,05654909,,,ADELPHI 12TH FLOOR,1-11 JOHN ADAM STREET,LONDON,,UNITED KINGDOM,WC2N 6HT,Private Limited Company,Active,United Kingdom,,15/12/2005,31,12,31/12/2026,31/12/2024,SMALL,12/01/2017,15/12/2015,4,1,0,3,82990 - Other business support service activities n.e.c.,,,,0,0,http://business.data.gov.uk/id/company/05654909,,,,,,,,,,,,,,,,,,,,,29/12/2026,15/12/2025
ATLAS07 PROPERTY LIMITED,12419248,,,17 GREEN LANES,,LONDON,,ENGLAND,N16 9BS,Private Limited Company,Active,United Kingdom,,22/01/2020,31,1,31/10/2026,31/01/2025,TOTAL EXEMPTION FULL,19/02/2021,,15,9,0,6,68100 - Buying and selling of own real estate,68209 - Other letting and operating of own or leased real estate,68320 - Management of real estate on a fee or contract basis,,0,0,http://business.data.gov.uk/id/company/12419248,,,,,,,,,,,,,,,,,,,,,13/12/2026,29/11/2025
ATOZ SOLUTIONS AND SERVICES LTD,17071945,,,1 DURHAM ROAD,,LONDON,,UNITED KINGDOM,E16 4NF,Private Limited Company,Active,United Kingdom,,05/03/2026,31,3,05/12/2027,,NO ACCOUNTS FILED,02/04/2027,,0,0,0,0,78109 - Other activities of employment placement agencies,78200 - Temporary employment agency activities,78300 - Human resources provision and management of human resources functions,82990 - Other business support service activities n.e.c.,0,0,http://business.data.gov.uk/id/company/17071945,,,,,,,,,,,,,,,,,,,,,18/03/2027,
ATTENTION HOUSE STUDIO LTD,17364147,,,66 PAUL STREET,,LONDON,ENGLAND,UNITED KINGDOM,EC2A 4NA,Private Limited Company,Active,United Kingdom,,27/07/2026,31,7,27/04/2028,,NO ACCOUNTS FILED,24/08/2027,,0,0,0,0,73110 - Advertising agencies,,,,0,0,http://business.data.gov.uk/id/company/17364147,,,,,,,,,,,,,,,,,,,,,09/08/2027,
AUBIN MAAS LIMITED,16040232,,,17 MERCERS ROAD,,LONDON,,ENGLAND,N19 4PH,Private Limited Company,Active,United Kingdom,,24/10/2024,31,10,31/07/2027,31/10/2025,MICRO ENTITY,21/11/2025,,0,0,0,0,62012 - Business and domestic software development,62020 - Information technology consultancy activities,62090 - Other information technology service activities,,0,0,http://business.data.gov.uk/id/company/16040232,,,,,,,,,,,,,,,,,,,,,06/11/2026,23/10/2025
AUDIT LONDON CERTIFICATION BUREAU LLP,OC454064,,,27 OLD GLOUCESTER STREET,,LONDON,,UNITED KINGDOM,WC1N 3AX,Limited Liability Partnership,Active,United Kingdom,,10/10/2024,31,10,31/07/2027,31/10/2025,TOTAL EXEMPTION FULL,07/11/2025,,0,0,0,0,None Supplied,,,,0,0,http://business.data.gov.uk/id/company/OC454064,,,,,,,,,,,,,,,,,,,,,08/10/2027,24/09/2026
AUGUST SC08 LIMITED,16883770,,,124 FINCHLEY ROAD,,LONDON,,UNITED KINGDOM,NW3 5JS,Private Limited Company,Active,United Kingdom,,01/12/2025,31,12,01/09/2027,,NO ACCOUNTS FILED,29/12/2026,,0,0,0,0,55209 - Other holiday and other collective accommodation,,,,0,0,http://business.data.gov.uk/id/company/16883770,,,,,,,,,,,,,,,,,,,,,14/12/2026,
AULTRATECH LTD,08989541,,,3RD FLOOR,86-90 PAUL STREET,LONDON,,ENGLAND,EC2A 4NE,Private Limited Company,Active,United Kingdom,,10/04/2014,30,4,31/01/2028,30/04/2026,MICRO ENTITY,08/05/2017,10/04/2016,0,0,0,0,62020 - Information technology consultancy activities,,,,0,0,http://business.data.gov.uk/id/company/08989541,,,,,,,,,,,,,,,,,,,,,24/04/2027,10/04/2026
AURA PRIME LIMITED,17331699,,,"SIU OFFICES, 4 - 6",GREATOREX STREET,LONDON,,UNITED KINGDOM,E1 5NF,Private Limited Company,Active,United Kingdom,,10/07/2026,31,7,10/04/2028,,NO ACCOUNTS FILED,07/08/2027,,0,0,0,0,47910 - Retail sale via mail order houses or via Internet,,,,0,0,http://business.data.gov.uk/id/company/17331699,,,,,,,,,,,,,,,,,,,,,23/07/2027,
AURAVAULT LTD,16652533,,,5 MERCHANT SQUARE,5 MERCHANT SQUARE,LONDON,,ENGLAND,W2 1AY,Private Limited Company,Active,United Kingdom,,15/08/2025,31,8,15/05/2027,,NO ACCOUNTS FILED,12/09/2026,,0,0,0,0,"47990 - Other retail sale not in stores, stalls or markets",62012 - Business and domestic software development,62090 - Other information technology service activities,63120 - Web portals,0,0,http://business.data.gov.uk/id/company/16652533,,,,,,,,,,,,,,,,,,,,,28/08/2026,
AUREVANE HOLDINGS LTD,17482043,,,"4-6, SIU OFFICES",GREATOREX STREET,LONDON,,UNITED KINGDOM,E1 5NF,Private Limited Company,Active,United Kingdom,,25/09/2026,30,9,25/06/2028,,NO ACCOUNTS FILED,23/10/2027,,0,0,0,0,70229 - Management consultancy activities other than financial management,,,,0,0,http://business.data.gov.uk/id/company/17482043,,,,,,,,,,,,,,,,,,,,,08/10/2027,
AUREYATECH LTD,16885618,,,71-75 SHELTON STREET,COVENT GARDEN,LONDON,,UNITED KINGDOM,WC2H 9JQ,Private Limited Company,Active,United Kingdom,,02/12/2025,31,12,02/09/2027,,NO ACCOUNTS FILED,30/12/2026,,0,0,0,0,62012 - Business and domestic software development,62020 - Information technology consultancy activities,62090 - Other information technology service activities,85590 - Other education n.e.c.,0,0,http://business.data.gov.uk/id/company/16885618,,,,,,,,,,,,,,,,,,,,,15/12/2026,
AURUM DEVELOPMENTS LTD,13017908,,,FORESTERS HALL,25-27 WESTOW STREET,LONDON,,ENGLAND,SE19 3RY,Private Limited Company,Active,United Kingdom,,13/11/2020,30,11,31/08/2027,30/11/2025,UNAUDITED ABRIDGED,11/12/2021,,0,0,0,0,41100 - Development of building projects,41201 - Construction of commercial buildings,41202 - Construction of domestic buildings,68100 - Buying and selling of own real estate,0,0,http://business.data.gov.uk/id/company/13017908,,,,,,,,,,,,,,,,,,,,,26/11/2026,12/11/2025
AUTOMONDO LTD,16679000,,,OFFICE 14200 182-184 HIGH STREET NORTH,EAST HAM,LONDON,,UNITED KINGDOM,E6 2JA,Private Limited Company,Active,United Kingdom,,28/08/2025,31,8,28/05/2027,,NO ACCOUNTS FILED,25/09/2026,,0,0,0,0,45200 - Maintenance and repair of motor vehicles,,,,0,0,http://business.data.gov.uk/id/company/16679000,,,,,,,,,,,,,,,,,,,,,10/09/2026,
AUTOVERSE TRADING LTD,17083633,,,FLAT 78 GALLERY COURT,67 FULBOURNE ROAD,LONDON,,ENGLAND,E17 4EZ,Private Limited Company,Active,United Kingdom,,10/03/2026,31,3,10/12/2027,,NO ACCOUNTS FILED,07/04/2027,,0,0,0,0,45112 - Sale of used cars and light motor vehicles,,,,0,0,http://business.data.gov.uk/id/company/17083633,,,,,,,,,,,,,,,,,,,,,23/03/2027,
AV PSYCHOTHERAPY LTD,13381352,,,128 CITY ROAD,,LONDON,,UNITED KINGDOM,EC1V 2NX,Private Limited Company,Active,United Kingdom,,07/05/2021,31,12,30/09/2027,31/12/2025,MICRO ENTITY,04/06/2022,,0,0,0,0,88990 - Other social work activities without accommodation n.e.c.,,,,0,0,http://business.data.gov.uk/id/company/13381352,,,,,,,,,,,,,,,,,,,,,15/12/2026,01/12/2025
AVEAS PARTNERS LIMITED,08350219,,,9TH FLOOR,107 CHEAPSIDE,LONDON,,UNITED KINGDOM,EC2V 6DN,Private Limited Company,Active,United Kingdom,,07/01/2013,31,1,31/10/2027,31/01/2026,TOTAL EXEMPTION FULL,05/02/2017,08/01/2016,0,0,0,0,62020 - Information technology consultancy activities,,,,0,0,http://business.data.gov.uk/id/company/08350219,,,,,,,,,,,,,,,,,,,,,24/04/2027,10/04/2026
AVJON 6 LIMITED,15585432,,,SUMMIT HOUSE,170 FINCHLEY ROAD,LONDON,,UNITED KINGDOM,NW3 6BP,Private Limited Company,Active,United Kingdom,,22/03/2024,31,7,30/04/2027,31/07/2025,DORMANT,19/04/2025,,0,0,0,0,68209 - Other letting and operating of own or leased real estate,,,,0,0,http://business.data.gov.uk/id/company/15585432,,,,,,,,,,,,,,,,,,,,,04/04/2027,21/03/2026
AVO RETAIL LTD,15221182,,,128 CITY ROAD,,LONDON,,UNITED KINGDOM,EC1V 2NX,Private Limited Company,Active,United Kingdom,,19/10/2023,31,10,31/07/2027,31/10/2025,MICRO ENTITY,16/11/2024,,0,0,0,0,47910 - Retail sale via mail order houses or via Internet,,,,0,0,http://business.data.gov.uk/id/company/15221182,,,,,,,,,,,,,,,,,,,,,01/11/2026,18/10/2025
AWALLET LTD,15792284,,,71-75 SHELTON STREET,COVENT GARDEN,LONDON,,UNITED KINGDOM,WC2H 9JQ,Private Limited Company,Active,United Kingdom,,21/06/2024,30,6,31/03/2027,30/06/2025,DORMANT,19/07/2025,,0,0,0,0,58290 - Other software publishing,62012 - Business and domestic software development,62020 - Information technology consultancy activities,,0,0,http://business.data.gov.uk/id/company/15792284,,,,,,,,,,,,,,,,,,,,,04/07/2027,20/06/2026
AWESOME CHILDCARE GROUP LTD,12759116,,,20-22 WENLOCK ROAD,,LONDON,,ENGLAND,N1 7GU,Private Limited Company,Active,United Kingdom,,21/07/2020,31,7,30/04/2027,31/07/2025,MICRO ENTITY,18/08/2021,,0,0,0,0,85600 - Educational support services,88910 - Child day-care activities,,,0,0,http://business.data.gov.uk/id/company/12759116,,,,,,,,,,,,,,,,,,,,,03/08/2027,20/07/2026
AWSQUARED LTD,12554312,,,INTERNATIONAL HOUSE,142 CROMWELL ROAD,LONDON,,ENGLAND,SW7 4EF,Private Limited Company,Active - Proposal to Strike off,United Kingdom,,14/04/2020,30,4,31/01/2026,30/04/2024,MICRO ENTITY,12/05/2021,,0,0,0,0,70229 - Management consultancy activities other than financial management,71122 - Engineering related scientific and technical consulting activities,72110 - Research and experimental development on biotechnology,,0,0,http://business.data.gov.uk/id/company/12554312,,,,,,,,,,,,,,,,,,,,,27/04/2026,13/04/2025
AXIS DEVELOPMENTS LIMITED,13407129,,,GROUND FLOOR COOPER HOUSE,316 REGENTS PARK ROAD,LONDON,,UNITED KINGDOM,N3 2JX,Private Limited Company,Active,United Kingdom,,18/05/2021,31,5,28/02/2027,31/05/2025,MICRO ENTITY,15/06/2022,,0,0,0,0,41100 - Development of building projects,,,,0,0,http://business.data.gov.uk/id/company/13407129,,,,,,,,,,,,,,,,,,,,,31/05/2027,17/05/2026
AXY GROUP LLP,OC458173,,,"UNIT 115, ACCOUNTS BY SIMPLY",40 GRACECHURCH STREET,LONDON,,UNITED KINGDOM,EC3V 0BT,Limited Liability Partnership,Active,United Kingdom,,18/09/2025,30,9,18/06/2027,,NO ACCOUNTS FILED,16/10/2026,,0,0,0,0,None Supplied,,,,0,0,http://business.data.gov.uk/id/company/OC458173,,,,,,,,,,,,,,,,,,,,,02/03/2027,16/02/2026
AYAANAS HOLDING LTD,17139747,,,71-75 SHELTON STREET,COVENT GARDEN,LONDON,,UNITED KINGDOM,WC2H 9JQ,Private Limited Company,Active,United Kingdom,,07/04/2026,30,4,07/01/2028,,NO ACCOUNTS FILED,05/05/2027,,0,0,0,0,45112 - Sale of used cars and light motor vehicles,46190 - Agents involved in the sale of a variety of goods,47190 - Other retail sale in non-specialised stores,79110 - Travel agency activities,0,0,http://business.data.gov.uk/id/company/17139747,,,,,,,,,,,,,,,,,,,,,20/04/2027,
AYATA WORKS LIMITED,17321012,,,SUITE 10980 5 BRAYFORD SQUARE,,LONDON,,UNITED KINGDOM,E1 0SG,Private Limited Company,Active,United Kingdom,,05/07/2026,31,7,05/04/2028,,NO ACCOUNTS FILED,02/08/2027,,0,0,0,0,59200 - Sound recording and music publishing activities,90010 - Performing arts,90020 - Support activities to performing arts,,0,0,http://business.data.gov.uk/id/company/17321012,,,,,,,,,,,,,,,,,,,,,18/07/2027,
AYERS HOLDINGS LTD,09858952,,,1 BEAUFORT GARDENS,,LONDON,,ENGLAND,NW4 3QN,Private Limited Company,Active - Proposal to Strike off,United Kingdom,,05/11/2015,31,12,30/09/2026,31/12/2024,TOTAL EXEMPTION FULL,03/12/2016,,0,0,0,0,96090 - Other service activities n.e.c.,,,,0,0,http://business.data.gov.uk/id/company/09858952,,,,,,,,,,,,,,,,,,,,,18/11/2026,04/11/2025
AZAD PROPERTIES DEVELOPMENT LTD,13334896,,,708 LEA BRIDGE ROAD,,LONDON,,ENGLAND,E10 6AW,Private Limited Company,Active,United Kingdom,,14/04/2021,30,4,31/01/2027,30/04/2025,DORMANT,12/05/2022,,0,0,0,0,41100 - Development of building projects,,,,0,0,http://business.data.gov.uk/id/company/13334896,,,,,,,,,,,,,,,,,,,,,24/01/2027,10/01/2026
AZEDER LLP,OC460439,,,2ND FLOOR NORTHUMBERLAND HOUSE,303-306 HIGH HOLBORN,LONDON,,,WC1V 7JZ,Limited Liability Partnership,Active,United Kingdom,,27/04/2026,30,4,27/01/2028,,NO ACCOUNTS FILED,25/05/2027,,0,0,0,0,None Supplied,,,,0,0,http://business.data.gov.uk/id/company/OC460439,,,,,,,,,,,,,,,,,,,,,10/05/2027,
AZETS AAL LIMITED,11638648,,,5TH FLOOR 16 GREAT QUEEN STREET,COVENT GARDEN,LONDON,,UNITED KINGDOM,WC2B 5DG,Private Limited Company,Active,United Kingdom,,23/10/2018,30,4,31/12/2026,31/03/2025,TOTAL EXEMPTION FULL,20/11/2019,,0,0,0,0,69201 - Accounting and auditing activities,,,,0,0,http://business.data.gov.uk/id/company/11638648,17/06/2026,ALEXTRA AUDIT LIMITED,,,,,,,,,,,,,,,,,,,29/10/2026,15/10/2025
AZEYN CREATIVE MEDIA LTD,13494849,,,124 CITY ROAD,,LONDON,,ENGLAND,EC1V 2NX,Private Limited Company,Active,United Kingdom,,05/07/2021,31,12,30/09/2027,31/12/2025,MICRO ENTITY,02/08/2022,,0,0,0,0,74209 - Photographic activities not elsewhere classified,90030 - Artistic creation,,,0,0,http://business.data.gov.uk/id/company/13494849,,,,,,,,,,,,,,,,,,,,,18/07/2027,04/07/2026
AZHAR SALEEM HEALTHCARE LTD,09161653,,,167-169 GREAT PORTLAND STREET,,LONDON,,ENGLAND,W1W 5PF,Private Limited Company,Active,United Kingdom,,05/08/2014,31,8,31/05/2027,31/08/2025,MICRO ENTITY,31/08/2016,03/08/2015,0,0,0,0,86900 - Other human health activities,,,,0,0,http://business.data.gov.uk/id/company/09161653,,,,,,,,,,,,,,,,,,,,,06/10/2027,22/09/2026
B&I HOSPITALITY LTD,16175001,,,103 HIGH STREET,,LONDON,,ENGLAND,E17 4SA,Private Limited Company,Active,United Kingdom,,10/01/2025,31,1,31/10/2027,31/01/2026,MICRO ENTITY,07/02/2026,,0,0,0,0,56102 - Unlicensed restaurants and cafes,,,,0,0,http://business.data.gov.uk/id/company/16175001,,,,,,,,,,,,,,,,,,,,,30/12/2026,16/12/2025
B'LUNG! LIMITED,05174100,,,10 ORANGE STREET,,LONDON,,,WC2H 7DQ,Private Limited Company,Active,United Kingdom,,08/07/2004,27,3,27/12/2026,31/03/2025,MICRO ENTITY,05/08/2016,08/07/2015,0,0,0,0,59113 - Television programme production activities,,,,0,0,http://business.data.gov.uk/id/company/05174100,,,,,,,,,,,,,,,,,,,,,22/07/2027,08/07/2026
BAB GLOBAL LIMITED,14809211,,,UNIT FS.113A FLEET STREET 154-160 FLEET STREET,BLACKFRIARS,LONDON,,UNITED KINGDOM,EC4A 2DQ,Private Limited Company,Active - Proposal to Strike off,United Kingdom,,17/04/2023,30,4,31/01/2027,30/04/2025,DORMANT,15/05/2024,,0,0,0,0,66210 - Risk and damage evaluation,74901 - Environmental consulting activities,80300 - Investigation activities,82912 - Activities of credit bureaus,0,0,http://business.data.gov.uk/id/company/14809211,29/12/2023,GAGP HOIDINGS LIMITED,,,,,,,,,,,,,,,,,,,26/04/2026,12/04/2025
BADA CONSTRUCTION LTD,14160022,,,129 STATION ROAD,,LONDON,,ENGLAND,NW4 4NJ,Private Limited Company,Active,United Kingdom,,08/06/2022,30,6,31/03/2027,30/06/2025,TOTAL EXEMPTION FULL,06/07/2023,,0,0,0,0,71111 - Architectural activities,,,,0,0,http://business.data.gov.uk/id/company/14160022,,,,,,,,,,,,,,,,,,,,,21/06/2027,07/06/2026
BAM PRODUCTIONS INC LIMITED,15446299,,,"C/O HILTON CONSULTING LIMITED, CANALOT STUDIOS",222 KENSAL ROAD,LONDON,,UNITED KINGDOM,W10 5BN,Private Limited Company,Active,United Kingdom,,27/01/2024,31,1,31/10/2027,31/01/2026,TOTAL EXEMPTION FULL,24/02/2025,,0,0,0,0,59112 - Video production activities,,,,0,0,http://business.data.gov.uk/id/company/15446299,,,,,,,,,,,,,,,,,,,,,09/05/2027,25/04/2026
BAR 48 LIMITED,09061136,,,"DUNN AND CO, SUITE 3.49 CANTERBURY COURT 1 - 3 BRIXTON ROAD",KENNINGTON PARK BUSINESS CENTRE,LONDON,,ENGLAND,SW9 6DE,Private Limited Company,Active - Proposal to Strike off,United Kingdom,,29/05/2014,7,6,07/03/2025,07/06/2023,MICRO ENTITY,26/06/2017,29/05/2016,0,0,0,0,56101 - Licensed restaurants,,,,0,0,http://business.data.gov.uk/id/company/09061136,,,,,,,,,,,,,,,,,,,,,22/06/2024,08/06/2023
BARHAM ACCOUNTANCY SERVICES LIMITED,06265576,,,"TAXASSIST ACCOUNTANTS SCREENWORKS, OFFICE 218",22 HIGHBURY GROVE,LONDON,,ENGLAND,N5 2EF,Private Limited Company,Active,United Kingdom,,01/06/2007,30,4,31/01/2027,30/04/2025,MICRO ENTITY,29/06/2017,01/06/2016,1,1,0,0,69201 - Accounting and auditing activities,,,,0,0,http://business.data.gov.uk/id/company/06265576,,,,,,,,,,,,,,,,,,,,,18/03/2027,04/03/2026
BARNES CORNER INVESTMENTS LIMITED,12240482,,,82 ST. JOHN STREET,,LONDON,,,EC1M 4JN,Private Limited Company,Active,United Kingdom,,02/10/2019,30,3,30/12/2026,31/03/2025,TOTAL EXEMPTION FULL,30/10/2020,,0,0,0,0,64209 - Activities of other holding companies n.e.c.,,,,0,0,http://business.data.gov.uk/id/company/12240482,,,,,,,,,,,,,,,,,,,,,15/10/2026,01/10/2025
BARRATT HOLDINGS LTD,11883219,,,"FLAT 42,",212 WANDSWORTH ROAD,LONDON,,ENGLAND,SW8 2BP,Private Limited Company,Active,United Kingdom,,14/03/2019,31,3,31/12/2026,31/03/2025,TOTAL EXEMPTION FULL,11/04/2020,,0,0,0,0,64205 - Activities of financial services holding companies,,,,0,0,http://business.data.gov.uk/id/company/11883219,,,,,,,,,,,,,,,,,,,,,25/03/2027,11/03/2026
BASTION PROFESSIONAL SERVICES LTD,17281035,,,66 PAUL STREET,,LONDON,ENGLAND,UNITED KINGDOM,EC2A 4NA,Private Limited Company,Active,United Kingdom,,18/06/2026,30,6,18/03/2028,,NO ACCOUNTS FILED,16/07/2027,,0,0,0,0,70229 - Management consultancy activities other than financial management,,,,0,0,http://business.data.gov.uk/id/company/17281035,,,,,,,,,,,,,,,,,,,,,01/07/2027,
BATOOLI'S CAFE LTD,15878544,,,ALPHA BUSINESS CENTRE 7-11 MINERVA ROAD,"UNIT B26 - B BUILDING,",LONDON,,UNITED KINGDOM,NW10 6HJ,Private Limited Company,Active,United Kingdom,,05/08/2024,31,8,31/05/2027,31/08/2025,DORMANT,02/09/2025,,0,0,0,0,56102 - Unlicensed restaurants and cafes,,,,0,0,http://business.data.gov.uk/id/company/15878544,,,,,,,,,,,,,,,,,,,,,18/08/2027,04/08/2026
BATTLE GRID WORKSHOP LTD,17001914,,,"3RD FLOOR, 86-90",PAUL STREET,LONDON,ENGLAND,UNITED KINGDOM,EC2A 4NE,Private Limited Company,Active,United Kingdom,,30/01/2026,31,1,30/10/2027,,NO ACCOUNTS FILED,27/02/2027,,0,0,0,0,"16290 - Manufacture of other products of wood; manufacture of articles of cork, straw and plaiting materials",,,,0,0,http://business.data.gov.uk/id/company/17001914,,,,,,,,,,,,,,,,,,,,,12/02/2027,
BAVINI LIMITED,08328729,,,SUITE 6018 128 ALDERSGATE STREET,BARBICAN,LONDON,,ENGLAND,EC1A 4AE,Private Limited Company,Active,United Kingdom,,12/12/2012,31,12,30/09/2027,31/12/2025,DORMANT,09/01/2017,12/12/2015,0,0,0,0,96090 - Other service activities n.e.c.,,,,0,0,http://business.data.gov.uk/id/company/08328729,,,,,,,,,,,,,,,,,,,,,26/12/2026,12/12/2025
BBFC LIMITED,09695257,,,"C/O REGENT FE, 5-10",BOLTON STREET,LONDON,,UNITED KINGDOM,W1J 8BA,Private Limited Company,Active,United Kingdom,,21/07/2015,31,7,30/04/2027,31/07/2025,UNAUDITED ABRIDGED,18/08/2016,,0,0,0,0,62012 - Business and domestic software development,,,,0,0,http://business.data.gov.uk/id/company/09695257,,,,,,,,,,,,,,,,,,,,,03/08/2027,20/07/2026
BBMR STRATEGIES LIMITED,16230650,,,124 CITY ROAD,,LONDON,,ENGLAND,EC1V 2NX,Private Limited Company,Active,United Kingdom,,05/02/2025,30,6,05/11/2026,,NO ACCOUNTS FILED,05/03/2026,,0,0,0,0,70229 - Management consultancy activities other than financial management,,,,0,0,http://business.data.gov.uk/id/company/16230650,,,,,,,,,,,,,,,,,,,,,18/02/2027,04/02/2026
BC PROPERTY MANAGEMENT GROUP LTD,17323547,,,20 WENLOCK ROAD,,LONDON,,ENGLAND,N1 7GU,Private Limited Company,Active,United Kingdom,,06/07/2026,31,7,06/04/2028,,NO ACCOUNTS FILED,03/08/2027,,0,0,0,0,68209 - Other letting and operating of own or leased real estate,,,,0,0,http://business.data.gov.uk/id/company/17323547,,,,,,,,,,,,,,,,,,,,,19/07/2027,
BC SMILE LIMITED,12212995,,,2ND FLOOR PREMIER HOUSE,309 BALLARDS LANE,LONDON,,ENGLAND,N12 8LY,Private Limited Company,Active,United Kingdom,,18/09/2019,30,9,30/06/2027,30/09/2025,MICRO ENTITY,16/10/2020,,3,2,0,1,86230 - Dental practice activities,,,,0,0,http://business.data.gov.uk/id/company/12212995,,,,,,,,,,,,,,,,,,,,,17/09/2026,03/09/2025
BCI REALTY LIMITED,11157702,,,SHEPHERDS BUILDING LG09 CHARECROFT WAY,HAMMERSMITH,LONDON,,ENGLAND,W14 0EE,Private Limited Company,Active,United Kingdom,,18/01/2018,31,1,31/10/2026,31/01/2025,MICRO ENTITY,15/02/2019,,0,0,0,0,70210 - Public relations and communications activities,,,,0,0,http://business.data.gov.uk/id/company/11157702,,,,,,,,,,,,,,,,,,,,,28/08/2027,14/08/2026
BCJ BUILDERS LIMITED,11100042,,,2ND FLOOR COLLEGE HOUSE,17 KING EDWARDS ROAD,"RUISLIP, LONDON",,UNITED KINGDOM,HA4 7AE,Private Limited Company,Active - Proposal to Strike off,United Kingdom,,06/12/2017,31,12,30/09/2024,31/12/2022,MICRO ENTITY,03/01/2019,,0,0,0,0,41202 - Construction of domestic buildings,,,,0,0,http://business.data.gov.uk/id/company/11100042,,,,,,,,,,,,,,,,,,,,,29/11/2023,15/11/2022
BCTCUK LIMITED,13007115,,,97 GENESTA ROAD,,LONDON,,UNITED KINGDOM,SE18 3EX,"PRI/LTD BY GUAR/NSC (Private, limited by guarantee, no share capital)",Active,United Kingdom,,10/11/2020,30,11,31/08/2027,30/11/2025,TOTAL EXEMPTION FULL,08/12/2021,,0,0,0,0,85320 - Technical and vocational secondary education,85410 - Post-secondary non-tertiary education,85590 - Other education n.e.c.,85600 - Educational support services,0,0,http://business.data.gov.uk/id/company/13007115,,,,,,,,,,,,,,,,,,,,,23/11/2026,09/11/2025
BE (BARKING) LLP,OC415861,,,7 BELL YARD,,LONDON,,ENGLAND,WC2A 2JR,Limited Liability Partnership,Active,United Kingdom,,09/02/2017,31,10,31/07/2027,31/10/2025,SMALL,09/03/2018,,0,0,0,0,None Supplied,,,,0,0,http://business.data.gov.uk/id/company/OC415861,12/06/2017,WILLMOTT REGENERATION (BARKING) LLP,,,,,,,,,,,,,,,,,,,22/02/2027,08/02/2026
BEANS INC. LTD,11119483,,,"FIRST FLOOR, 14-15",BERNERS STREET,LONDON,,UNITED KINGDOM,W1T 3LJ,Private Limited Company,Active,United Kingdom,,20/12/2017,31,12,31/12/2026,31/12/2024,TOTAL EXEMPTION FULL,17/01/2019,,0,0,0,0,90010 - Performing arts,,,,0,0,http://business.data.gov.uk/id/company/11119483,30/08/2023,CHRIS & TY RECORDS LIMITED,,,,,,,,,,,,,,,,,,,07/09/2027,24/08/2026
BEATA & BATES LIMITED,16875879,,,5B BELVEDERE BUILDINGS,,LONDON,,ENGLAND,SE1 0DQ,Private Limited Company,Active,United Kingdom,,26/11/2025,30,11,26/08/2027,,NO ACCOUNTS FILED,24/12/2026,,0,0,0,0,55100 - Hotels and similar accommodation,,,,0,0,http://business.data.gov.uk/id/company/16875879,,,,,,,,,,,,,,,,,,,,,09/12/2026,
BEAUTY-TECHNIC LTD,14901940,,,UNIT 501 DOMINION HOUSE,665 NORTH CIRCULAR ROAD,LONDON,,ENGLAND,NW2 7AX,Private Limited Company,Active,United Kingdom,,30/05/2023,31,5,28/02/2027,31/05/2025,MICRO ENTITY,27/06/2024,,0,0,0,0,47910 - Retail sale via mail order houses or via Internet,,,,0,0,http://business.data.gov.uk/id/company/14901940,03/04/2024,BEAUTY-TECHNIC EUROPE S.R.L. LTD,,,,,,,,,,,,,,,,,,,30/11/2026,16/11/2025
BECKENDEN HUGHENDEN VALLEY LTD,13168360,,,ACORN HOUSE,33 CHURCHFIELD ROAD,LONDON,,UNITED KINGDOM,W3 6AY,Private Limited Company,Active,United Kingdom,,29/01/2021,31,1,31/10/2027,31/01/2026,DORMANT,26/02/2022,,0,0,0,0,68100 - Buying and selling of own real estate,68209 - Other letting and operating of own or leased real estate,68320 - Management of real estate on a fee or contract basis,,0,0,http://business.data.gov.uk/id/company/13168360,,,,,,,,,,,,,,,,,,,,,12/02/2027,29/01/2026
BEE STAFF LTD,15870898,,,225 MARSH WALL,,LONDON,,ENGLAND,E14 9FW,Private Limited Company,Active - Proposal to Strike off,United Kingdom,,01/08/2024,31,8,31/05/2027,31/08/2025,MICRO ENTITY,29/08/2025,,0,0,0,0,78109 - Other activities of employment placement agencies,,,,0,0,http://business.data.gov.uk/id/company/15870898,,,,,,,,,,,,,,,,,,,,,10/07/2026,26/06/2025
BEECHCROFT SUPPORT LIMITED,12588658,,,38 BEECHCROFT ROAD,BEECHCROFT HOUSE,LONDON,,ENGLAND,SW17 7BY,Private Limited Company,Active,United Kingdom,,06/05/2020,31,3,31/12/2026,31/03/2025,TOTAL EXEMPTION FULL,03/06/2021,,0,0,0,0,55900 - Other accommodation,,,,0,0,http://business.data.gov.uk/id/company/12588658,,,,,,,,,,,,,,,,,,,,,28/04/2027,14/04/2026
BELT CRAFT STUDIOS LIMITED,08415504,,,UNIT 7,2-6 GOURLEY PLACE,LONDON,,ENGLAND,N15 5NF,Private Limited Company,Active,United Kingdom,,22/02/2013,31,3,31/12/2026,31/03/2025,TOTAL EXEMPTION FULL,22/03/2017,22/02/2016,0,0,0,0,90040 - Operation of arts facilities,,,,0,0,http://business.data.gov.uk/id/company/08415504,,,,,,,,,,,,,,,,,,,,,05/03/2027,19/02/2026
BENTIS LTD,08421002,,,3RD FLOOR GREAT TITCHFIELD HOUSE,14-18 GREAT TITCHFIELD STREET,LONDON,,UNITED KINGDOM,W1W 8BD,Private Limited Company,Active,United Kingdom,,26/02/2013,28,2,30/11/2026,28/02/2025,TOTAL EXEMPTION FULL,26/03/2017,26/02/2016,0,0,0,0,43999 - Other specialised construction activities n.e.c.,,,,0,0,http://business.data.gov.uk/id/company/08421002,,,,,,,,,,,,,,,,,,,,,12/03/2027,26/02/2026
BESENCZY SOLUTIONS LTD.,09355058,,,C/O RODLIFFE ACCOUNTING LTD 1 CANADA SQUARE 37TH FLOOR,CANARY WHARF,LONDON,,ENGLAND,E14 5AA,Private Limited Company,Active,United Kingdom,,15/12/2014,31,12,30/09/2027,31/12/2025,TOTAL EXEMPTION FULL,12/01/2017,15/12/2015,0,0,0,0,82990 - Other business support service activities n.e.c.,,,,0,0,http://business.data.gov.uk/id/company/09355058,,,,,,,,,,,,,,,,,,,,,06/04/2027,23/03/2026
BESPOKE BALLROOM LIMITED,08999752,,,55 LOUDOUN ROAD,,LONDON,,UNITED KINGDOM,NW8 0DL,Private Limited Company,Active - Proposal to Strike off,United Kingdom,,16/04/2014,30,9,30/06/2022,30/09/2020,TOTAL EXEMPTION FULL,14/05/2017,16/04/2016,0,0,0,0,90010 - Performing arts,,,,0,0,http://business.data.gov.uk/id/company/08999752,,,,,,,,,,,,,,,,,,,,,30/04/2023,16/04/2022
BEST SAVE SUPERMARKET LTD,13965771,,,203 CRICKLEWOOD BROADWAY,CRICKLEWOOD,LONDON,,ENGLAND,NW2 3HS,Private Limited Company,Active,United Kingdom,,09/03/2022,31,3,31/12/2026,31/03/2025,MICRO ENTITY,06/04/2023,,0,0,0,0,"47110 - Retail sale in non-specialised stores with food, beverages or tobacco predominating",,,,0,0,http://business.data.gov.uk/id/company/13965771,,,,,,,,,,,,,,,,,,,,,16/03/2027,02/03/2026
BETA TRAVEL LIMITED,09123832,,,"2ND FLOOR, 136",BAKER STREET,LONDON,,ENGLAND,W1U 6UD,Private Limited Company,Active,United Kingdom,,10/07/2014,31,7,30/04/2027,31/07/2025,TOTAL EXEMPTION FULL,07/08/2016,10/07/2015,0,0,0,0,79110 - Travel agency activities,79120 - Tour operator activities,,,0,0,http://business.data.gov.uk/id/company/09123832,,,,,,,,,,,,,,,,,,,,,07/05/2027,23/04/2026
BEYMAN LTD,14016763,,,331 GREEN LANES,,LONDON,,ENGLAND,N4 1DZ,Private Limited Company,Active,United Kingdom,,31/03/2022,31,3,31/12/2026,31/03/2025,TOTAL EXEMPTION FULL,28/04/2023,,0,0,0,0,96020 - Hairdressing and other beauty treatment,,,,0,0,http://business.data.gov.uk/id/company/14016763,,,,,,,,,,,,,,,,,,,,,13/04/2027,30/03/2026
BEYONDSCOPE LTD,16783659,,,"BARKAT HOUSE, C/O ABEDIN",116-118 FINCHLEY ROAD,LONDON,,ENGLAND,NW3 5HT,Private Limited Company,Active,United Kingdom,,14/10/2025,31,10,14/07/2027,,NO ACCOUNTS FILED,11/11/2026,,0,0,0,0,62090 - Other information technology service activities,85600 - Educational support services,,,0,0,http://business.data.gov.uk/id/company/16783659,,,,,,,,,,,,,,,,,,,,,27/10/2026,
BG INFOTECH LTD,07441122,,,165 HIGHLAND HOUSE,THE BROADWAY,LONDON,,ENGLAND,SW19 1NE,Private Limited Company,Active,United Kingdom,,16/11/2010,30,11,31/08/2027,30/11/2025,TOTAL EXEMPTION FULL,28/12/2016,30/11/2015,0,0,0,0,62012 - Business and domestic software development,62020 - Information technology consultancy activities,80200 - Security systems service activities,,0,0,http://business.data.gov.uk/id/company/07441122,,,,,,,,,,,,,,,,,,,,,08/04/2027,25/03/2026
BGB VENTURES LTD,14454468,,,152 BUCKINGHAM PALACE ROAD,SECOND FLOOR,LONDON,,ENGLAND,SW1W 9TR,Private Limited Company,Active,United Kingdom,,01/11/2022,30,11,31/08/2027,30/11/2025,TOTAL EXEMPTION FULL,29/11/2023,,0,0,0,0,64209 - Activities of other holding companies n.e.c.,,,,0,0,http://business.data.gov.uk/id/company/14454468,,,,,,,,,,,,,,,,,,,,,17/11/2026,03/11/2025
BGF BEAUTY LONDON LTD,14399223,,,FLAT 122,GERRY RAFFLES SQUARE,LONDON,,ENGLAND,E15 1BQ,Private Limited Company,Active,United Kingdom,,05/10/2022,31,10,31/07/2027,31/10/2025,MICRO ENTITY,02/11/2023,,0,0,0,0,96020 - Hairdressing and other beauty treatment,,,,0,0,http://business.data.gov.uk/id/company/14399223,,,,,,,,,,,,,,,,,,,,,18/10/2026,04/10/2025
BIANTRADE LLP,OC369676,,,UNIVERSAL HOUSE R103,88-94 WENTWORTH STREET,LONDON,,ENGLAND,E1 7SA,Limited Liability Partnership,Active,United Kingdom,,10/11/2011,26,12,26/09/2027,31/12/2025,FULL,08/12/2016,10/11/2015,0,0,0,0,None Supplied,,,,0,0,http://business.data.gov.uk/id/company/OC369676,,,,,,,,,,,,,,,,,,,,,19/11/2026,05/11/2025
BIDFAIR LIMITED,12025352,,,34-35 NEW BOND STREET,,LONDON,,ENGLAND,W1A 2AA,Private Limited Company,Active,United Kingdom,,30/05/2019,31,12,30/09/2027,31/12/2025,FULL,27/06/2020,,6,1,0,5,64209 - Activities of other holding companies n.e.c.,,,,0,0,http://business.data.gov.uk/id/company/12025352,31/05/2019,BIDRIGHT GLOBAL LIMITED,,,,,,,,,,,,,,,,,,,23/09/2027,09/09/2026
BIG SMOKE COMEDY LTD,14314745,,,7 BELL YARD,,LONDON,,ENGLAND,WC2A 2JR,Private Limited Company,Active,United Kingdom,,24/08/2022,31,8,31/05/2027,31/08/2025,MICRO ENTITY,21/09/2023,,0,0,0,0,90010 - Performing arts,,,,0,0,http://business.data.gov.uk/id/company/14314745,,,,,,,,,,,,,,,,,,,,,06/09/2027,23/08/2026
BIGGER AGENCY LIMITED,11059890,,,C/O L&C LLP CITY BRIDGE HOUSE,57 SOUTHWARK STREET,LONDON,,UNITED KINGDOM,SE1 1RU,Private Limited Company,Active,United Kingdom,,13/11/2017,31,3,31/12/2026,31/03/2025,MICRO ENTITY,11/12/2018,,1,1,0,0,73120 - Media representation services,,,,0,0,http://business.data.gov.uk/id/company/11059890,03/12/2023,NATION & JAMES LIMITED,16/11/2018,BRAND NATION LIMITED,,,,,,,,,,,,,,,,,26/11/2026,12/11/2025
BILAL HAIRDRESSERS LIMITED,17122375,,,163 FRANCIS ROAD,,LONDON,,ENGLAND,E10 6NT,Private Limited Company,Active,United Kingdom,,27/03/2026,31,3,27/12/2027,,NO ACCOUNTS FILED,24/04/2027,,0,0,0,0,96020 - Hairdressing and other beauty treatment,,,,0,0,http://business.data.gov.uk/id/company/17122375,,,,,,,,,,,,,,,,,,,,,09/04/2027,
BINOCULAR FILM & TV PRODUCTIONS LIMITED,15683944,,,THIRD FLOOR,47-50 MARGARET SREET,LONDON,,ENGLAND,W1W 8SE,Private Limited Company,Active,United Kingdom,,26/04/2024,31,3,31/12/2026,31/03/2025,UNAUDITED ABRIDGED,24/05/2025,,0,0,0,0,59113 - Television programme production activities,,,,0,0,http://business.data.gov.uk/id/company/15683944,,,,,,,,,,,,,,,,,,,,,09/05/2027,25/04/2026
BIOTHERMAL TECHNOLOGY LTD,09803944,,,142 STATION ROAD,CHINGFORD,LONDON,,ENGLAND,E4 6AN,Private Limited Company,Active,United Kingdom,,01/10/2015,25,10,25/10/2026,31/10/2024,TOTAL EXEMPTION FULL,29/10/2016,,0,0,0,0,72110 - Research and experimental development on biotechnology,,,,0,0,http://business.data.gov.uk/id/company/09803944,,,,,,,,,,,,,,,,,,,,,03/12/2026,19/11/2025
BISHOP JOSEPH MJV LIMITED,13054567,,,387 NEW KINGS ROAD,,LONDON,,ENGLAND,SW6 4RL,Private Limited Company,Active - Proposal to Strike off,United Kingdom,,01/12/2020,31,12,30/09/2026,31/12/2024,DORMANT,29/12/2021,,0,0,0,0,46190 - Agents involved in the sale of a variety of goods,,,,0,0,http://business.data.gov.uk/id/company/13054567,,,,,,,,,,,,,,,,,,,,,14/12/2026,30/11/2025
BISKIFIN LTD,16746413,,,124-128 CITY ROAD,,LONDON,,ENGLAND,EC1V 2NX,Private Limited Company,Active,United Kingdom,,26/09/2025,30,9,26/06/2027,,NO ACCOUNTS FILED,24/10/2026,,0,0,0,0,70229 - Management consultancy activities other than financial management,74100 - specialised design activities,,,0,0,http://business.data.gov.uk/id/company/16746413,,,,,,,,,,,,,,,,,,,,,12/09/2027,29/08/2026
BIZZER LTD,10886378,,,61 LANCASTER ROAD,,LONDON,,UNITED KINGDOM,SE25 4BL,Private Limited Company,Active,United Kingdom,,27/07/2017,31,8,31/05/2027,31/08/2025,TOTAL EXEMPTION FULL,24/08/2018,,0,0,0,0,62011 - Ready-made interactive leisure and entertainment software development,62020 - Information technology consultancy activities,,,0,0,http://business.data.gov.uk/id/company/10886378,,,,,,,,,,,,,,,,,,,,,09/08/2027,26/07/2026
BKOUOH LIMITED,17381302,,,66 PAUL STREET,,LONDON,ENGLAND,UNITED KINGDOM,EC2A 4NA,Private Limited Company,Active,United Kingdom,,04/08/2026,31,8,04/05/2028,,NO ACCOUNTS FILED,01/09/2027,,0,0,0,0,90010 - Performing arts,,,,0,0,http://business.data.gov.uk/id/company/17381302,,,,,,,,,,,,,,,,,,,,,17/08/2027,
BKSS SERVICE & SAFETY LIMITED,17206671,,,FLAT 2 THE GRANGE,1 LYNMOUTH ROAD,LONDON,,ENGLAND,E17 8AD,Private Limited Company,Active,United Kingdom,,08/05/2026,31,5,08/02/2028,,NO ACCOUNTS FILED,05/06/2027,,0,0,0,0,80100 - Private security activities,,,,0,0,http://business.data.gov.uk/id/company/17206671,,,,,,,,,,,,,,,,,,,,,21/05/2027,
BLACKCROWNEN LTD,16855281,,,SUITE 1356,5 BRAYFORD SQUARE,LONDON,,UNITED KINGDOM,E1 0SG,Private Limited Company,Active,United Kingdom,,14/11/2025,30,11,14/08/2027,,NO ACCOUNTS FILED,12/12/2026,,0,0,0,0,47910 - Retail sale via mail order houses or via Internet,,,,0,0,http://business.data.gov.uk/id/company/16855281,,,,,,,,,,,,,,,,,,,,,27/11/2026,
BLACKTHORN CLOUD SECURITY LTD,17290998,,,66 PAUL STREET,,LONDON,ENGLAND,UNITED KINGDOM,EC2A 4NA,Private Limited Company,Active,United Kingdom,,20/06/2026,30,6,20/03/2028,,NO ACCOUNTS FILED,18/07/2027,,0,0,0,0,62020 - Information technology consultancy activities,,,,0,0,http://business.data.gov.uk/id/company/17290998,,,,,,,,,,,,,,,,,,,,,03/07/2027,
BLEO LIMITED,10042146,,,135 ETCHINGHAM PARK ROAD,ETCHINGHAM PARK ROAD,LONDON,,ENGLAND,N3 2EE,Private Limited Company,Active,United Kingdom,,03/03/2016,31,3,31/12/2026,31/03/2025,DORMANT,31/03/2017,,0,0,0,0,55900 - Other accommodation,,,,0,0,http://business.data.gov.uk/id/company/10042146,,,,,,,,,,,,,,,,,,,,,01/01/2027,18/12/2025
BLINK22 UK LIMITED,14331926,,,71-75 SHELTON STREET,COVENT GARDEN,LONDON,,UNITED KINGDOM,WC2H 9JQ,Private Limited Company,Active,United Kingdom,,02/09/2022,30,9,30/06/2027,30/09/2025,TOTAL EXEMPTION FULL,30/09/2023,,0,0,0,0,62020 - Information technology consultancy activities,62090 - Other information technology service activities,,,0,0,http://business.data.gov.uk/id/company/14331926,,,,,,,,,,,,,,,,,,,,,15/09/2026,01/09/2025
BLONDE SAVVIES LTD,17189919,,,ZLR STUDIOS,174 MILL LANE,LONDON,,UNITED KINGDOM,NW6 1TB,Private Limited Company,Active,United Kingdom,,29/04/2026,30,4,29/01/2028,,NO ACCOUNTS FILED,27/05/2027,,0,0,0,0,96020 - Hairdressing and other beauty treatment,,,,0,0,http://business.data.gov.uk/id/company/17189919,,,,,,,,,,,,,,,,,,,,,12/05/2027,
BLOOM & BLUSH LTD,17002440,,,FLAT 12 ST. CLEMENTS COURT,RIPON ROAD,LONDON,,ENGLAND,N9 7RF,Private Limited Company,Active,United Kingdom,,30/01/2026,31,1,30/10/2027,,NO ACCOUNTS FILED,27/02/2027,,0,0,0,0,96020 - Hairdressing and other beauty treatment,,,,0,0,http://business.data.gov.uk/id/company/17002440,,,,,,,,,,,,,,,,,,,,,12/02/2027,
BLUE LEAF TRADING LTD,17325119,,,500 WHITE HART LANE,,LONDON,,ENGLAND,N17 7NA,Private Limited Company,Active,United Kingdom,,07/07/2026,30,6,31/03/2028,,NO ACCOUNTS FILED,04/08/2027,,0,0,0,0,47260 - Retail sale of tobacco products in specialised stores,47650 - Retail sale of games and toys in specialised stores,,,0,0,http://business.data.gov.uk/id/company/17325119,,,,,,,,,,,,,,,,,,,,,20/07/2027,
BLUE OCEAN PRODUCTS LTD,15120563,,,20 WENLOCK ROAD,,LONDON,,ENGLAND,N1 7GU,Private Limited Company,Active,United Kingdom,,06/09/2023,30,9,30/06/2027,30/09/2025,DORMANT,04/10/2024,,0,0,0,0,74100 - specialised design activities,,,,0,0,http://business.data.gov.uk/id/company/15120563,,,,,,,,,,,,,,,,,,,,,17/09/2027,03/09/2026
BLUESKYE GROUP LTD,14643676,,,167-169 GREAT PORTLAND STREET,5TH FLOOR,LONDON,,ENGLAND,W1W 5PF,Private Limited Company,Active,United Kingdom,,06/02/2023,31,3,31/12/2026,27/02/2025,TOTAL EXEMPTION FULL,05/03/2024,,0,0,0,0,"46510 - Wholesale of computers, computer peripheral equipment and software",,,,0,0,http://business.data.gov.uk/id/company/14643676,,,,,,,,,,,,,,,,,,,,,22/02/2027,08/02/2026
BLUETOOTH LIMITED,09070712,,,273 OLD BROMPTON ROAD,,LONDON,,ENGLAND,SW5 9JA,Private Limited Company,Active - Proposal to Strike off,United Kingdom,,04/06/2014,31,3,31/12/2022,31/03/2021,MICRO ENTITY,02/07/2017,04/06/2016,0,0,0,0,86230 - Dental practice activities,,,,0,0,http://business.data.gov.uk/id/company/09070712,,,,,,,,,,,,,,,,,,,,,18/06/2022,04/06/2021
BMC DIGITAL CONSULTING LTD,16722524,,,20 WENLOCK ROAD,,LONDON,,ENGLAND,N1 7GU,Private Limited Company,Active,United Kingdom,,16/09/2025,30,9,16/06/2027,,NO ACCOUNTS FILED,14/10/2026,,0,0,0,0,62020 - Information technology consultancy activities,,,,0,0,http://business.data.gov.uk/id/company/16722524,,,,,,,,,,,,,,,,,,,,,29/09/2026,
BOKKE CONSULTANCY LIMITED,10401165,,,APARTMENT 105,9B CLERKENWELL ROAD,LONDON,,ENGLAND,EC1M 5PY,Private Limited Company,Active,United Kingdom,,29/09/2016,30,9,30/06/2027,30/09/2025,UNAUDITED ABRIDGED,27/10/2017,,0,0,0,0,70229 - Management consultancy activities other than financial management,,,,0,0,http://business.data.gov.uk/id/company/10401165,,,,,,,,,,,,,,,,,,,,,12/10/2026,28/09/2025
BOLTTECH DEVICE PROTECTION (UK) LIMITED,11909658,,,27 OLD GLOUCESTER STREET,,LONDON,,,WC1N 3AX,Private Limited Company,Active,United Kingdom,,27/03/2019,31,12,31/12/2026,31/12/2024,SMALL,24/04/2020,,0,0,0,0,64209 - Activities of other holding companies n.e.c.,,,,0,0,http://business.data.gov.uk/id/company/11909658,09/06/2020,RECONNECTS SERVICES EUROPE LIMITED,,,,,,,,,,,,,,,,,,,09/04/2027,26/03/2026
BOOKATABLE LIMITED,04494036,,,10 NORTON FOLGATE,,LONDON,,UNITED KINGDOM,E1 6DB,Private Limited Company,Active,United Kingdom,,24/07/2002,31,12,30/09/2027,31/12/2025,SMALL,21/08/2016,24/07/2015,4,0,0,4,62090 - Other information technology service activities,,,,0,0,http://business.data.gov.uk/id/company/04494036,09/01/2014,LIVEBOOKINGS LIMITED,,,,,,,,,,,,,,,,,,,07/08/2027,24/07/2026
BOOST S&M LTD,15731610,,,124 CITY ROAD,,LONDON,,UNITED KINGDOM,EC1V 2NX,Private Limited Company,Active,United Kingdom,,20/05/2024,31,5,28/02/2027,31/05/2025,MICRO ENTITY,17/06/2025,,0,0,0,0,73110 - Advertising agencies,,,,0,0,http://business.data.gov.uk/id/company/15731610,,,,,,,,,,,,,,,,,,,,,29/07/2027,15/07/2026
BOTEGGI PROPERTIES LIMITED,16365990,,,128 CITY ROAD,,LONDON,,UNITED KINGDOM,EC1V 2NX,Private Limited Company,Active,United Kingdom,,04/04/2025,30,4,04/01/2027,,NO ACCOUNTS FILED,02/05/2026,,0,0,0,0,68310 - Real estate agencies,,,,0,0,http://business.data.gov.uk/id/company/16365990,,,,,,,,,,,,,,,,,,,,,17/04/2027,03/04/2026
BOTMAIN LTD,17385687,,,71-75 SHELTON STREET,COVENT GARDEN,LONDON,,UNITED KINGDOM,WC2H 9JQ,Private Limited Company,Active,United Kingdom,,06/08/2026,31,8,06/05/2028,,NO ACCOUNTS FILED,03/09/2027,,0,0,0,0,62012 - Business and domestic software development,62090 - Other information technology service activities,63120 - Web portals,,0,0,http://business.data.gov.uk/id/company/17385687,,,,,,,,,,,,,,,,,,,,,19/08/2027,
BOTTERFLY LTD,16994298,,,71-75 SHELTON STREET,COVENT GARDEN,LONDON,,UNITED KINGDOM,WC2H 9JQ,Private Limited Company,Active,United Kingdom,,28/01/2026,31,1,28/10/2027,,NO ACCOUNTS FILED,25/02/2027,,0,0,0,0,28990 - Manufacture of other special-purpose machinery n.e.c.,62012 - Business and domestic software development,,,0,0,http://business.data.gov.uk/id/company/16994298,,,,,,,,,,,,,,,,,,,,,10/02/2027,
BOXCAR LIMITED,09612197,,,101 NEW CAVENDISH STREET,1ST FLOOR SOUTH,LONDON,,UNITED KINGDOM,W1W 6XH,Private Limited Company,Active,United Kingdom,,28/05/2015,31,12,30/09/2027,31/12/2025,TOTAL EXEMPTION FULL,25/06/2017,28/05/2016,1,0,0,1,56101 - Licensed restaurants,,,,0,0,http://business.data.gov.uk/id/company/09612197,06/08/2024,BOXCAR BUTCHERS LIMITED,,,,,,,,,,,,,,,,,,,15/10/2026,01/10/2025
BOXIVERSE LTD,15715632,,,FLAT 50 KINVER HOUSE,42 ELTHORNE ROAD,LONDON,,ENGLAND,N19 4AS,Private Limited Company,Active,United Kingdom,,12/05/2024,31,5,28/02/2027,31/05/2025,MICRO ENTITY,09/06/2025,,0,0,0,0,47910 - Retail sale via mail order houses or via Internet,,,,0,0,http://business.data.gov.uk/id/company/15715632,,,,,,,,,,,,,,,,,,,,,25/05/2027,11/05/2026
BPI EDUCATION ACADEMY TRUST,14359679,,,"UNIT 4/4A, TILEYARD STUDIOS",TILEYARD ROAD,LONDON,,ENGLAND,N7 9AH,"PRI/LBG/NSC (Private, Limited by guarantee, no share capital, use of 'Limited' exemption)",Active,United Kingdom,,15/09/2022,31,8,31/05/2027,31/08/2025,SMALL,13/10/2023,,0,0,0,0,85310 - General secondary education,85320 - Technical and vocational secondary education,85520 - Cultural education,,0,0,http://business.data.gov.uk/id/company/14359679,,,,,,,,,,,,,,,,,,,,,26/09/2027,12/09/2026
BRAITHWAITE TAX RECOVERY CONSULTANTS LIMITED,05269190,,,16 GREAT QUEEN STREET,COVENT GARDEN,LONDON,,UNITED KINGDOM,WC2B 5AH,Private Limited Company,Active,United Kingdom,,25/10/2004,31,10,31/07/2026,31/10/2024,MICRO ENTITY,28/11/2016,25/10/2015,0,0,0,0,69203 - Tax consultancy,,,,0,0,http://business.data.gov.uk/id/company/05269190,,,,,,,,,,,,,,,,,,,,,26/08/2026,12/08/2025
BRAND TOKEN LTD,16649809,,,27 OLD GLOUCESTER STREET,,LONDON,,ENGLAND,WC1N 3AX,Private Limited Company,Active,United Kingdom,,14/08/2025,31,8,14/05/2027,,NO ACCOUNTS FILED,11/09/2026,,0,0,0,0,47910 - Retail sale via mail order houses or via Internet,62012 - Business and domestic software development,62090 - Other information technology service activities,63120 - Web portals,0,0,http://business.data.gov.uk/id/company/16649809,,,,,,,,,,,,,,,,,,,,,27/08/2026,
BRANDONS BARN DANCE LIMITED,15768161,,,FLAT 5 PENFIELD COURT,2 TANNER CLOSE,LONDON,,ENGLAND,NW9 5PZ,Private Limited Company,Active,United Kingdom,,07/06/2024,30,6,31/03/2027,30/06/2025,MICRO ENTITY,05/07/2025,,0,0,0,0,96040 - Physical well-being activities,,,,0,0,http://business.data.gov.uk/id/company/15768161,,,,,,,,,,,,,,,,,,,,,20/06/2027,06/06/2026
BRANKSA GROUP LIMITED,15737035,,,FLAT 207,6 CUTTER LANE,LONDON,,ENGLAND,SE10 0YU,Private Limited Company,Active - Proposal to Strike off,United Kingdom,,23/05/2024,31,5,28/02/2027,31/05/2025,DORMANT,20/06/2025,,0,0,0,0,70100 - Activities of head offices,70229 - Management consultancy activities other than financial management,,,0,0,http://business.data.gov.uk/id/company/15737035,,,,,,,,,,,,,,,,,,,,,05/06/2026,22/05/2025
BRAVA SERVICES LTD,15009816,,,"FLAT 3, 19",COURTLEIGH GARDENS,LONDON,,UNITED KINGDOM,NW11 9JX,Private Limited Company,Active,United Kingdom,,18/07/2023,31,7,30/04/2027,31/07/2025,DORMANT,15/08/2024,,0,0,0,0,81210 - General cleaning of buildings,,,,0,0,http://business.data.gov.uk/id/company/15009816,,,,,,,,,,,,,,,,,,,,,11/12/2026,27/11/2025
BREEZE BIDCO (TNC) LIMITED,10361590,,,"5TH FLOOR, 20",FENCHURCH STREET,LONDON,,ENGLAND,EC3M 3BY,Private Limited Company,Active,United Kingdom,,06/09/2016,31,12,30/09/2026,31/12/2024,GROUP,04/10/2017,,0,0,0,0,42220 - Construction of utility projects for electricity and telecommunications,,,,0,0,http://business.data.gov.uk/id/company/10361590,,,,,,,,,,,,,,,,,,,,,19/09/2027,05/09/2026
BRENTON ASSOCIATES LTD,14665771,,,"FLAT 3, 11 PARK AVENUE",PALMERS GREEN,LONDON,,ENGLAND,N13 5PG,Private Limited Company,Active,United Kingdom,,15/02/2023,28,2,30/11/2026,28/02/2025,DORMANT,14/03/2024,,0,0,0,0,68100 - Buying and selling of own real estate,68209 - Other letting and operating of own or leased real estate,68320 - Management of real estate on a fee or contract basis,70229 - Management consultancy activities other than financial management,0,0,http://business.data.gov.uk/id/company/14665771,20/10/2023,REFRESH NEW LIFESTYLE LTD,,,,,,,,,,,,,,,,,,,06/11/2026,23/10/2025
BRIGHTPATHY LTD,16734532,,,20 WENLOCK ROAD,,LONDON,,ENGLAND,N1 7GU,Private Limited Company,Active,United Kingdom,,22/09/2025,30,9,22/06/2027,,NO ACCOUNTS FILED,20/10/2026,,0,0,0,0,47710 - Retail sale of clothing in specialised stores,47722 - Retail sale of leather goods in specialised stores,47799 - Retail sale of other second-hand goods in stores (not incl. antiques),96090 - Other service activities n.e.c.,0,0,http://business.data.gov.uk/id/company/16734532,,,,,,,,,,,,,,,,,,,,,05/10/2026,
BRITISH ISLAMIC MEDICAL ASSOCIATION,13609959,,,INTERNATIONAL HOUSE,101 KING'S CROSS ROAD,LONDON,,ENGLAND,WC1X 9LP,"PRI/LBG/NSC (Private, Limited by guarantee, no share capital, use of 'Limited' exemption)",Active,United Kingdom,,08/09/2021,30,9,30/06/2027,30/09/2025,MICRO ENTITY,06/10/2022,,0,0,0,0,86900 - Other human health activities,,,,0,0,http://business.data.gov.uk/id/company/13609959,,,,,,,,,,,,,,,,,,,,,21/09/2027,07/09/2026
BRNS GROUP LTD,11149343,,,149 NORTHWOLD ROAD,,LONDON,,ENGLAND,E5 8RL,Private Limited Company,Active - Proposal to Strike off,United Kingdom,,15/01/2018,28,1,17/04/2024,31/01/2022,DORMANT,12/02/2019,,0,0,0,0,68209 - Other letting and operating of own or leased real estate,68320 - Management of real estate on a fee or contract basis,,,0,0,http://business.data.gov.uk/id/company/11149343,15/08/2019,BGRS GROUP LTD,,,,,,,,,,,,,,,,,,,28/01/2025,14/01/2024
BROMPTON ART LIMITED,12457521,,,6 SELWOOD PLACE,,LONDON,,ENGLAND,SW7 3QQ,Private Limited Company,Active,United Kingdom,,12/02/2020,29,2,30/11/2027,28/02/2026,TOTAL EXEMPTION FULL,12/03/2021,,0,0,0,0,47781 - Retail sale in commercial art galleries,,,,0,0,http://business.data.gov.uk/id/company/12457521,,,,,,,,,,,,,,,,,,,,,25/02/2027,11/02/2026
BRONZEWOOD CAPITAL LTD,16280443,,,64 NORTH ROW,,LONDON,,ENGLAND,W1K 7DA,Private Limited Company,Active,United Kingdom,,27/02/2025,28,2,27/11/2026,,NO ACCOUNTS FILED,27/03/2026,,0,0,0,0,64999 - Financial intermediation not elsewhere classified,,,,0,0,http://business.data.gov.uk/id/company/16280443,,,,,,,,,,,,,,,,,,,,,12/03/2027,26/02/2026
